ground_truth_output,num_queries,original_output,original_score,original_text,perturbed_output,perturbed_score,perturbed_text,result_type
2.0,69.0,2.0,0.19999999999999996,Fears for T N pension after talks Unions representing workers at Turner   Newall say they are 'disappointed' after talks with stricken parent firm Federal Mogul.,0.0,0.5666666666666667,Fears for T N the after talks Unions representing workers at Turner   Newall say they are 'disappointed' after talks with stricken parent firm Federal Mogul.,Successful
3.0,1358.0,3.0,0.09999999999999998,"The Race is On: Second Private Team Sets Launch Date for Human Spaceflight (SPACE.com) SPACE.com - TORONTO, Canada -- A second\team of rocketeers competing for the  #36;10 million Ansari X Prize, a contest for\privately funded suborbital space flight, has officially announced the first\launch date for its manned rocket.",0.0,0.7,"The Race is On: Second Private Team Sets Launch Date for Human spaceballoon (SPACE.com) SPACE.ar - TORONTO, Canada -- A second\team of rocketscientists competing for the  #36;10 million anbar aero Prize, a contest for\privately pilot suborbital a flight, has nearly announced the first\launches date for its manned rocket.",Successful
3.0,178.0,3.0,0.3666666666666667,"Ky. Company Wins Grant to Study Peptides (AP) AP - A company founded by a chemistry researcher at the University of Louisville won a grant to develop a method of producing better peptides, which are short chains of amino acids, the building blocks of proteins.",2.0,0.6,"Ky. chemical Wins Grant to prepare Peptides (AP) AP - A company founded by a chemistry researcher at the University of Louisville won a grant to pilot a method of producing better peptides, which are short chains of amino acids, the building blocks of proteins.",Successful
3.0,90.0,3.0,0.43333333333333335,"Prediction Unit Helps Forecast Wildfires (AP) AP - It's barely dawn when Mike Fitzpatrick starts his shift with a blur of colorful maps, figures and endless charts, but already he knows what the day will bring. Lightning will strike in places he expects. Winds will pick up, moist places will dry and flames will roar.",2.0,0.7333333333333334,"forecast Unit Helps Forecast Wildfires (AP) AP - It's barely dawn when Mike Fitzpatrick starts his shift with a blur of colorful maps, figures and endless charts, but already he knows what the day will bring. Lightning will strike in places he expects. Winds will pick up, moist places will dry and flames will roar.",Successful
3.0,247.0,3.0,0.19999999999999996,"Calif. Aims to Limit Farm-Related Smog (AP) AP - Southern California's smog-fighting agency went after emissions of the bovine variety Friday, adopting the nation's first rules to reduce air pollution from dairy cow manure.",0.0,0.6333333333333333,"Calif. wants to Limit farm-tied Smog (AP) s - Southern California's smog-fighting agency went after emissions of the bovine variety Friday, adopting the nation's first rules to reduce air income from dairy cow manure.",Successful
3.0,799.0,3.0,0.0,"Open Letter Against British Copyright Indoctrination in Schools The British Department for Education and Skills (DfES) recently launched a ""Music Manifesto"" campaign, with the ostensible intention of educating the next generation of British musicians. Unfortunately, they also teamed up with the music industry (EMI, and various artists) to make this popular. EMI has apparently negotiated their end well, so that children in our schools will now be indoctrinated about the illegality of downloading music.The ignorance and audacity of this got to me a little, so I wrote an open letter to the DfES about it. Unfortunately, it's pedantic, as I suppose you have to be when writing to goverment representatives. But I hope you find it useful, and perhaps feel inspired to do something similar, if or when the same thing has happened in your area.",2.0,0.5666666666666667,"Open Letter is British Copyright Indoctrination in Schools The British Department for ara and Skills (DfES) recently launched a ""Music Manifesto"" campaign, with the ostensible concern of educating the next generation of consumer musicians. Unfortunately, they also teamed up with the music industry (EMI, and uk artists) to make this appeal. EMI has apparently negotiated their end well, so that children in our schools will now be indoctrinated about the illegality of downloadcopy music.The mis and audacity of this got to me a little, so I wrote an open letter to the DfES about it. Unfortunately, it's pedantic, as I suppose you have to be when writing to goverment representatives. But I hope you find it useful, and perhaps feel inspired to do something similar, if or when the same thing has happened in your area.",Successful
3.0,0.0,3.0,-1.0,"Loosing the War on Terrorism \\""Sven Jaschan, self-confessed author of the Netsky and Sasser viruses, is\responsible for 70 percent of virus infections in 2004, according to a six-month\virus roundup published Wednesday by antivirus company Sophos.""\\""The 18-year-old Jaschan was taken into custody in Germany in May by police who\said he had admitted programming both the Netsky and Sasser worms, something\experts at Microsoft confirmed. (A Microsoft antivirus reward program led to the\teenager's arrest.) During the five months preceding Jaschan's capture, there\were at least 25 variants of Netsky and one of the port-scanning network worm\Sasser.""\\""Graham Cluley, senior technology consultant at Sophos, said it was staggeri ...\\",3.0,-1.0,"Loosing the War on Terrorism \\""Sven Jaschan, self-confessed author of the Netsky and Sasser viruses, is\responsible for 70 percent of virus infections in 2004, according to a six-month\virus roundup published Wednesday by antivirus company Sophos.""\\""The 18-year-old Jaschan was taken into custody in Germany in May by police who\said he had admitted programming both the Netsky and Sasser worms, something\experts at Microsoft confirmed. (A Microsoft antivirus reward program led to the\teenager's arrest.) During the five months preceding Jaschan's capture, there\were at least 25 variants of Netsky and one of the port-scanning network worm\Sasser.""\\""Graham Cluley, senior technology consultant at Sophos, said it was staggeri ...\\",Failed
3.0,0.0,3.0,-1.0,"FOAFKey: FOAF, PGP, Key Distribution, and Bloom Filters \\FOAF/LOAF  and bloom filters have a lot of interesting properties for social\network and whitelist distribution.\\I think we can go one level higher though and include GPG/OpenPGP key\fingerpring distribution in the FOAF file for simple web-of-trust based key\distribution.\\What if we used FOAF and included the PGP key fingerprint(s) for identities?\This could mean a lot.  You include the PGP key fingerprints within the FOAF\file of your direct friends and then include a bloom filter of the PGP key\fingerprints of your entire whitelist (the source FOAF file would of course need\to be encrypted ).\\Your whitelist would be populated from the social network as your client\discovered new identit ...\\",3.0,-1.0,"FOAFKey: FOAF, PGP, Key Distribution, and Bloom Filters \\FOAF/LOAF  and bloom filters have a lot of interesting properties for social\network and whitelist distribution.\\I think we can go one level higher though and include GPG/OpenPGP key\fingerpring distribution in the FOAF file for simple web-of-trust based key\distribution.\\What if we used FOAF and included the PGP key fingerprint(s) for identities?\This could mean a lot.  You include the PGP key fingerprints within the FOAF\file of your direct friends and then include a bloom filter of the PGP key\fingerprints of your entire whitelist (the source FOAF file would of course need\to be encrypted ).\\Your whitelist would be populated from the social network as your client\discovered new identit ...\\",Failed
3.0,1.0,0.0,0.8333333333333334,"E-mail scam targets police chief Wiltshire Police warns about ""phishing"" after its fraud squad chief was targeted.",0.0,0.8333333333333334,"E-mail scam targets police chief Wiltshire Police warns about ""phishing"" after its fraud squad chief was targeted.",Skipped
3.0,115.0,3.0,0.4,"Card fraud unit nets 36,000 cards In its first two years, the UK's dedicated card fraud unit, has recovered 36,000 stolen cards and 171 arrests - and estimates it saved 65m.",0.0,0.7333333333333334,"at fraud unit nets 36,000 cards In its first two years, the UK's independent card fraud unit, has recovered 36,000 stolen cards and 171 arrests - and estimates it saved 65m.",Successful
3.0,0.0,3.0,-1.0,"Group to Propose New High-Speed Wireless Format  LOS ANGELES (Reuters) - A group of technology companies  including Texas Instruments Inc. &lt;TXN.N&gt;, STMicroelectronics  &lt;STM.PA&gt; and Broadcom Corp. &lt;BRCM.O&gt;, on Thursday said they  will propose a new wireless networking standard up to 10 times  the speed of the current generation.",3.0,-1.0,"Group to Propose New High-Speed Wireless Format  LOS ANGELES (Reuters) - A group of technology companies  including Texas Instruments Inc. &lt;TXN.N&gt;, STMicroelectronics  &lt;STM.PA&gt; and Broadcom Corp. &lt;BRCM.O&gt;, on Thursday said they  will propose a new wireless networking standard up to 10 times  the speed of the current generation.",Failed
3.0,1725.0,3.0,0.0,"Apple Launches Graphics Software, Video Bundle  LOS ANGELES (Reuters) - Apple Computer Inc.&lt;AAPL.O&gt; on  Tuesday began shipping a new program designed to let users  create real-time motion graphics and unveiled a discount  video-editing software bundle featuring its flagship Final Cut  Pro software.",3.0,0.1333333333333333,"Apple Launches Graphics Software, Video Bundle  LOS ANGELES (Reuters) - Apple atari Inc.&lt;aapi.O&gt; on  Tuesday formed shipping a new program designed to let users  create real-time motion graphics and unveiled a discount  video-editing software bundle featuring its flagship Final Cut  Pro software.",Failed
3.0,1147.0,3.0,0.1333333333333333,"Dutch Retailer Beats Apple to Local Download Market  AMSTERDAM (Reuters) - Free Record Shop, a Dutch music  retail chain, beat Apple Computer Inc. to market on Tuesday  with the launch of a new download service in Europe's latest  battleground for digital song services.",2.0,0.5666666666666667,"Dutch Retailer Beats Apple to Local Download Market  AMSTERDAM (Reuters) - Free Record Shop, a Dutch music  retail online, beat apples Computer Inc. to market on Tuesday  with the launch of a new free service in Europe's latest  battleground for vinyl song services.",Successful
3.0,45.0,3.0,0.2666666666666667,"Super ant colony hits Australia A giant 100km colony of ants  which has been discovered in Melbourne, Australia, could threaten local insect species.",0.0,0.5333333333333333,"Super the colony hits Australia A giant 100km colony of ants  which has been discovered in Melbourne, Australia, could threaten local insect species.",Successful
3.0,66.0,3.0,0.33333333333333337,"Socialites unite dolphin groups Dolphin groups, or ""pods"", rely on socialites to keep them from collapsing, scientists claim.",0.0,0.5666666666666667,"Socialites unite dolphin groups Dolphin groups, or ""pods"", relying on socialites to keep them from collapsing, scientists claim.",Successful
3.0,1.0,2.0,0.7666666666666666,Teenage T. rex's monster growth Tyrannosaurus rex achieved its massive size due to an enormous growth spurt during its adolescent years.,2.0,0.7666666666666666,Teenage T. rex's monster growth Tyrannosaurus rex achieved its massive size due to an enormous growth spurt during its adolescent years.,Skipped
3.0,630.0,3.0,0.06666666666666665,"Scientists Discover Ganymede has a Lumpy Interior Jet Propulsion Lab -- Scientists have discovered irregular lumps beneath the icy surface of Jupiter's largest moon, Ganymede. These irregular masses may be rock formations, supported by Ganymede's icy shell for billions of years...",0.0,0.7,"was Discover ganymesaturn has a Lumpy Interior Jet topic gallery -- Scientists have discovered irregular lumps beneath the icy cover of Jupiter's largest moon, Ganymede. they irregular chunks may be rock formations, carried by Ganymede's icy shell for billions of years...",Successful
3.0,1691.0,3.0,0.0,"Mars Rovers Relay Images Through Mars Express European Space Agency -- ESAs Mars Express has relayed pictures from one of NASA's Mars rovers for the first time, as part of a set of interplanetary networking demonstrations.     The demonstrations pave the way for future Mars missions to draw on joint interplanetary networking capabilities...",3.0,0.1333333333333333,"Mars Rovers Relay Images Through Mars Express European Space Agency -- esa/ Mars Express has relayed pictures from one of NASA's Mars rovers for the first time, as part of a set of interplaneplanetary networking demonstrations.     The demonstrations pave the way for future Mars missions to draw on human interplanetary networking capabilities...",Failed
3.0,90.0,3.0,0.30000000000000004,"Rocking the Cradle of Life When did life begin? One evidential clue stems from the fossil records in Western Australia, although whether these layered sediments are biological or chemical has spawned a spirited debate. Oxford researcher, Nicola McLoughlin, describes some of the issues in contention.",0.0,0.5333333333333333,"Rocking the Cradle of Life When did life begin? One evidential clue stems from the fossil records in Western Australia, although does these layered sediments are biological or chemical has spawned a spirited debate. Oxford researcher, Nicola McLoughlin, describes some of the issues in contention.",Successful
3.0,1.0,2.0,0.6,"Storage, servers bruise HP earnings update Earnings per share rise compared with a year ago, but company misses analysts' expectations by a long shot.",2.0,0.6,"Storage, servers bruise HP earnings update Earnings per share rise compared with a year ago, but company misses analysts' expectations by a long shot.",Skipped
3.0,1.0,2.0,0.6333333333333333,"IBM to hire even more new workers By the end of the year, the computing giant plans to have its biggest headcount since 1991.",2.0,0.6333333333333333,"IBM to hire even more new workers By the end of the year, the computing giant plans to have its biggest headcount since 1991.",Skipped
3.0,328.0,3.0,0.09999999999999998,Sun's Looking Glass Provides 3D View Developers get early code for new operating system 'skin' still being crafted.,2.0,0.7,Sun's Looking cup Provides 3D View owners get initial builder for new operating system 'skinchinese still being crafted.,Successful
3.0,143.0,3.0,0.19999999999999996,IBM Chips May Someday Heal Themselves New technology applies electrical fuses to help identify and repair faults.,0.0,0.5333333333333333,jewish chips May Someday Heal lives New technology applies electrical fuses to help identify and repair faults.,Successful
3.0,1.0,2.0,0.5666666666666667,"Some People Not Eligible to Get in on Google IPO Google has billed its IPO as a way for everyday people to get in on the process, denying Wall Street the usual stranglehold it's had on IPOs. Public bidding, a minimum of just five shares, an open process with 28 underwriters - all this pointed to a new level of public participation. But this isn't the case.",2.0,0.5666666666666667,"Some People Not Eligible to Get in on Google IPO Google has billed its IPO as a way for everyday people to get in on the process, denying Wall Street the usual stranglehold it's had on IPOs. Public bidding, a minimum of just five shares, an open process with 28 underwriters - all this pointed to a new level of public participation. But this isn't the case.",Skipped
3.0,1.0,2.0,0.9666666666666667,"Rivals Try to Turn Tables on Charles Schwab By MICHAEL LIEDTKE     SAN FRANCISCO (AP) -- With its low prices and iconoclastic attitude, discount stock broker Charles Schwab Corp. (SCH) represented an annoying stone in Wall Street's wing-tipped shoes for decades...",2.0,0.9666666666666667,"Rivals Try to Turn Tables on Charles Schwab By MICHAEL LIEDTKE     SAN FRANCISCO (AP) -- With its low prices and iconoclastic attitude, discount stock broker Charles Schwab Corp. (SCH) represented an annoying stone in Wall Street's wing-tipped shoes for decades...",Skipped
3.0,144.0,3.0,0.19999999999999996,News: Sluggish movement on power grid cyber security Industry cyber security standards fail to reach some of the most vulnerable components of the power grid.\,0.0,0.6333333333333333,News: Sluggish movement on power the cyber security Industry sector security standards fail to reach some of the most vulnerable residents of the power grid.\,Successful
1.0,58.0,1.0,0.4,Giddy Phelps Touches Gold for First Time Michael Phelps won the gold medal in the 400 individual medley and set a world record in a time of 4 minutes 8.26 seconds.,2.0,0.6666666666666667,Giddy u Touches Gold for First Time Michael Phelps won the gold medal in the 400 individual medley and set a world record in a time of 4 minutes 8.26 seconds.,Successful
1.0,1874.0,1.0,0.1333333333333333,"Tougher rules won't soften Law's game FOXBOROUGH -- Looking at his ridiculously developed upper body, with huge biceps and hardly an ounce of fat, it's easy to see why Ty Law, arguably the best cornerback in football, chooses physical play over finesse. That's not to imply that he's lacking a finesse component, because he can shut down his side of the field much as Deion Sanders ...",1.0,0.23333333333333328,"Tougher rules won't soften Law's game FOXBOROUGH -- Looking at his ridiculously developed upper body, with impressive biceps and hardly an ounce of fat, it's easy to see why Ty Law, arguably the star cornerback in football, chooses physical play over finesse. That's not to imply that he's lacking a finesse component, because he can shut down his side of the field much as Deion Sanders ...",Failed
1.0,1917.0,1.0,0.1333333333333333,"Shoppach doesn't appear ready to hit the next level With the weeks dwindling until Jason Varitek enters free agency, the Red Sox continue to carefully monitor Kelly Shoppach , their catcher of the future, in his climb toward the majors. The Sox like most of what they have seen at Triple A Pawtucket from Shoppach, though it remains highly uncertain whether he can make the adjustments at the plate ...",1.0,0.4,".paca doesn't appear ready to hit the next level With the weeks dwindling until Jason variteu enters free agency, the Red Sox continue to carefully monitor jake Shoppach , their catcher of the future, in his climb beyond the majors. The Sox like most of what they have seen at Triple A Pawtucket from Shoppach, though it remains highly uncertain whether he can make the adjustments at the plate ...",Failed
1.0,1903.0,1.0,0.0,"Mighty Ortiz makes sure Sox can rest easy Just imagine what David Ortiz could do on a good night's rest. Ortiz spent the night before last with his baby boy, D'Angelo, who is barely 1 month old. He had planned on attending the Red Sox' Family Day at Fenway Park yesterday morning, but he had to sleep in. After all, Ortiz had a son at home, and he ...",1.0,0.6,"valiant titan watch sure Sox can rest easy and imagine what David Ortiz capable do on a better night'b rest. Ortiz spent the one before labor with his baby boy, D'Angelo, who is barely 1 month old. He had anticipated on attending the Red Sox' Family Day at Fenway Park yesterday tuesday, but he had to sleep in. After all, Ortiz had a son at home, and he ...",Failed
1.0,1.0,0.0,0.7333333333333334,"They've caught his eye In  quot;helping themselves, quot; Ricky Bryant, Chas Gessner, Michael Jennings, and David Patten did nothing Friday night to make Bill Belichick's decision on what to do with his receivers any easier.",0.0,0.7333333333333334,"They've caught his eye In  quot;helping themselves, quot; Ricky Bryant, Chas Gessner, Michael Jennings, and David Patten did nothing Friday night to make Bill Belichick's decision on what to do with his receivers any easier.",Skipped
1.0,200.0,1.0,0.2666666666666667,"Indians Mount Charge The Cleveland Indians pulled within one game of the AL Central lead by beating the Minnesota Twins, 7-1, Saturday night with home runs by Travis Hafner and Victor Martinez.",3.0,0.7,"Indians Mount edge The 2015 Indians up within one game of the AL Central lead by beating the Minnesota bonds, 7-1, Saturday night with home runs by Travis Hafner and Victor Martinez.",Successful
0.0,1278.0,0.0,0.0,Sister of man who died in Vancouver police custody slams chief (Canadian Press) Canadian Press - VANCOUVER (CP) - The sister of a man who died after a violent confrontation with police has demanded the city's chief constable resign for defending the officer involved.,0.0,0.19999999999999996,daughter of man who died in Vancouver police custody name chief (Canadian Press) Canadian p - VANCOUVER (CP) - said sister of a man who died after a violent confrontation with police has demanded the city'toronto chief constable resign for defending the officer involved.,Failed
0.0,1032.0,0.0,0.06666666666666665,"Man Sought  #36;50M From McGreevey, Aides Say (AP) AP - The man who claims Gov. James E. McGreevey sexually harassed him was pushing for a cash settlement of up to  #36;50 million before the governor decided to announce that he was gay and had an extramarital affair, sources told The Associated Press.",2.0,0.6666666666666667,"be Sought  #2014;50M From McGreevey, aidet k (AP) ai - 1 man who claims j. brian E. McGreevey sexually harassed him was pushing for a cash settlement of up to  #36;50 million before the governor decided to announce that he was gay and had an extramarital affair, sources told The identified Press.",Successful
0.0,1392.0,0.0,0.0,"Explosions Echo Throughout Najaf NAJAF, Iraq - Explosions and gunfire rattled through the city of Najaf as U.S. troops in armored vehicles and tanks rolled back into the streets here Sunday, a day after the collapse of talks - and with them a temporary cease-fire - intended to end the fighting in this holy city...",0.0,0.16666666666666663,"11 Echo Throughout Najaf NAJAF, Iraq - Explosions and gunfire rattled through the city of najamiya as U.S. troops in armored vehicles and tanks rolled back into the streets here Sunday, a day after the collapse of talks - and with them a temporary cease-fire - intended to end the fighting in this holy city...",Failed
0.0,962.0,0.0,0.033333333333333326,"Frail Pope Celebrates Mass at Lourdes LOURDES, France - A frail Pope John Paul II, breathing heavily and gasping at times, celebrated an open-air Mass on Sunday for several hundred thousand pilgrims, many in wheelchairs, at a shrine to the Virgin Mary that is associated with miraculous cures.    At one point he said ""help me"" in Polish while struggling through his homily in French...",1.0,0.6,"defaulted sport practice communion at Lourdes LOURDES, France - A frail Pope John Paul II, breathing heavily and gasping at times, celebrated an open-air Mass on Sunday for several hundred thousand pilgrims, largely in wheelchairs, at a charity to the Virgin Mary that is associated with miraculous curehospitals.    At one point he said ""help me"" in Polish while struggling through his homily in French...",Successful
0.0,543.0,0.0,0.09999999999999998,Venezuela Prepares for Chavez Recall Vote Supporters and rivals warn of possible fraud; government says Chavez's defeat could produce turmoil in world oil market.,2.0,0.5666666666666667,and Prepares for Chavez state Vote support and competitor warn of possible fraud; government says Chavez's defeat could produce turmoil in world oil market.,Successful
0.0,77.0,0.0,0.4666666666666667,1994 Law Designed to Preserve Guard Jobs (AP) AP - A 1994 law strengthened job protections for National Guard and Reserve troops called to active duty. Here are major provisions of the Uniformed Services Employment and Reemployment Rights Act (USERRA).,2.0,0.6333333333333333,1992 Law Designed to Preserve Guard Jobs (AP) AP - A 1994 law strengthened job protections for National Guard and Reserve troops called to active duty. Here are major provisions of the Uniformed Services Employment and Reemployment Rights Act (USERRA).,Successful
0.0,1579.0,0.0,0.0,"Iran Warns Its Missiles Can Hit Anywhere in Israel  TEHRAN (Reuters) - A senior Iranian military official said  Sunday Israel and the United States would not dare attack Iran  since it could strike back anywhere in Israel with its latest  missiles, news agencies reported.",0.0,0.6333333333333333,"Iran Warns Its Missiles Can Hit Anywhere in energy  kerman (Reuters) - A senior aj military official said  Sunday Israel and the two States would not dare air Iran  since it could strike back anywhere in Israel with its newer  forms, news agencies reported.",Failed
0.0,1450.0,0.0,0.0,"Afghan Army Dispatched to Calm Violence KABUL, Afghanistan - Government troops intervened in Afghanistan's latest outbreak of deadly fighting between warlords, flying from the capital to the far west on U.S. and NATO airplanes to retake an air base contested in the violence, officials said Sunday...",0.0,0.09999999999999998,"as Army Dispatched to Calm Violence KABUL, Afghanistan - Government troops intervened in Afghanistan's latest outbreak of deadly fighting between warlords, flying from the capital to the far west on U.S. and NATO airplanes to rerescue an air base contested in the violence, officials said Sunday...",Failed
1.0,1352.0,1.0,0.033333333333333326,"Johnson Helps D-Backs End Nine-Game Slide (AP) AP - Randy Johnson took a four-hitter into the ninth inning to help the Arizona Diamondbacks end a nine-game losing streak Sunday, beating Steve Trachsel and the New York Mets 2-0.",1.0,0.19999999999999996,"Johnson Helps D-Backs End Nine-Game Slide (AP) AP - johnny Johnson took a four-hitter into the ninth inning to get the Arizona diamondcubs end a nine-game losing streak Sunday, beating Steve Trachsel and the New York Mets 2-0.",Failed
2.0,0.0,2.0,-1.0,"Retailers Vie for Back-To-School Buyers (Reuters) Reuters - Apparel retailers are hoping their\back-to-school fashions will make the grade among\style-conscious teens and young adults this fall, but it could\be a tough sell, with students and parents keeping a tighter\hold on their wallets.",2.0,-1.0,"Retailers Vie for Back-To-School Buyers (Reuters) Reuters - Apparel retailers are hoping their\back-to-school fashions will make the grade among\style-conscious teens and young adults this fall, but it could\be a tough sell, with students and parents keeping a tighter\hold on their wallets.",Failed
0.0,306.0,0.0,0.2666666666666667,"Politics an Afterthought Amid Hurricane (AP) AP - If Hurricane Charley had struck three years ago, President Bush's tour through the wreckage of this coastal city would have been just the sort of post-disaster visit that other presidents have made to the scenes of storms, earthquakes, floods and fires.",2.0,0.6333333333333333,"Politics an Afterthought Amid Hurricane (ex) AP - If Hurricane Charley had struck three years ago, President Bush's tour through the remnants of this coastal city would have been just the sort of post-disaster guide that other presidents have made to the scenes of storms, earthquakes, failures and fires.",Successful
3.0,167.0,3.0,0.23333333333333328,"Spam suspension hits Sohu.com shares (FT.com) FT.com - Shares in Sohu.com, a leading US-listed Chinese internet portal, fell more than 10 per cent on Friday after China's biggest mobile phone network operator imposed a one-year suspension on its multimedia messaging services because of customers being sent spam.",2.0,0.5,".f suspension hits soru.com shares (FT.com) FT.com - Shares in Sohu.com, a leading US-listed Chinese internet portal, fell more than 10 per cent on Friday after China's biggest mobile phone network operator imposed a one-year suspension on its multimedia messaging services because of customers being sent spam.",Successful
1.0,1545.0,1.0,0.09999999999999998,"Erstad's Double Lifts Angels to Win (AP) AP - Darin Erstad doubled in the go-ahead run in the eighth inning, lifting the Anaheim Angels to a 3-2 victory over the Detroit Tigers on Sunday. The win pulled Anaheim within a percentage point of Boston and Texas in the AL wild-card race.",1.0,0.43333333333333335,"Erstad's Double Lifts Angels to Win (AP) amp - Darin Erstad doubled in the go-ahead run in the eighth inning, lifting the Anaheim Angels to a 3-2 victory over the Detroit Tigers on Sunday. The win pulled up within a percentage points of Boston and Texas in the AL wild-card race.",Failed
1.0,777.0,1.0,0.0,Drew Out of Braves' Lineup After Injury (AP) AP - Outfielder J.D. Drew missed the Atlanta Braves' game against the St. Louis Cardinals on Sunday night with a sore right quadriceps.,0.0,0.6666666666666667,Drew Out of Braves' center After disabled (AP) from - ha d.i. Drew missed the Atlanta Braves' game against the St. Louis dominican on Sunday blue with a worn right quadriceps.,Successful
0.0,495.0,0.0,0.0,"Venezuelans Flood Polls, Voting Extended  CARACAS, Venezuela (Reuters) - Venezuelans voted in huge  numbers on Sunday in a historic referendum on whether to recall  left-wing President Hugo Chavez and electoral authorities  prolonged voting well into the night.",2.0,0.5666666666666667,"Venezuelans Flood polls, Voting Extended  CARACAS, Venezuela (Reuters) - Venezuelans voted in huge  numbers on halloween in a historic voting on whether to recall  left-wing executive jefferson Chavez and national regulators  prolonged voting well into the night.",Successful
3.0,94.0,3.0,0.19999999999999996,"Dell Exits Low-End China Consumer PC Market  HONG KONG (Reuters) - Dell Inc. &lt;DELL.O&gt;, the world's  largest PC maker, said on Monday it has left the low-end  consumer PC market in China and cut its overall growth target  for the country this year due to stiff competition in the  segment.",2.0,0.5333333333333333,"Dell Exits Low-End China Consumer PC Market  HONG KONG (Reuters) - power Inc. &lt;DELL.O&gt;, the world's  largest PC maker, said on Monday it has left the low-end  consumer PC market in China and cut its overall growth target  for the country this year due to stiff competition in the  segment.",Successful
0.0,765.0,0.0,0.0,"China Says Taiwan Spy Also Operated in U.S. - Media  BEIJING (Reuters) - Beijing on Monday accused a  Chinese-American arrested for spying for Taiwan of building an  espionage network in the United States, and said he could go on  trial very soon.",3.0,0.6,"China Says Taiwan patriot Also Operated in hi.S. - Media  BEIJING (Reuters) - peking on facebook accused a  Chinese-American paid for commerce for Taiwan of building an  espionage network in the United States, and added he could set on  trial very soon.",Successful
1.0,78.0,1.0,0.2666666666666667,"Another Major Non-Factor Another major, another disappointment for Tiger Woods, the No. 1 ranked player in the world who has not won a major championship since his triumph at the 2002 U.S. Open.",0.0,0.6,"Another Major Non-Factor Another major, another disappointment for thomas Woods, the No. 1 ranked player in the world who has not won a major championship since his triumph at the 2002 U.S. Open.",Successful
0.0,181.0,0.0,0.06666666666666665,"US fighter squadron to be deployed in South Korea next month (AFP) AFP - A squadron of US Air Force F-15E fighters based in Alaska will fly to South Korea next month for temporary deployment aimed at enhancing US firepower on the Korean peninsula, US authorities said.",1.0,0.6333333333333333,"US fighter squadron to be deployed in South ah next month (afpit) afpa - A squadron of US Air Force F-15E fighters based in Alaska will fly to South Korea next month for temporary deployment aimed at enhancing US firepower on the Korean peninsula, US authorities said.",Successful
1.0,1580.0,1.0,0.033333333333333326,Johnson Back to His Best as D-Backs End Streak  NEW YORK (Reuters) - Randy Johnson struck out 14 batters in  8 1/3 innings to help the Arizona Diamondbacks end a nine-game  losing streak with a 2-0 win over the host New York Mets in the  National League Sunday.,1.0,0.4666666666666667,Johnson Back to young Best as D-Backs hit Streak  NEW YORK (2000) - Randy Johnson struck out 14 batters in  8 1/3 innings to bring the Arizona Diamondbacks end a nine-game  losing led with a 2-0 win over the host New York cuban in the  National doubling Sunday.,Failed
0.0,1254.0,0.0,0.0,"Restive Maldives eases curfew after rounding up dissidents (AFP) AFP - A curfew in the capital of the Maldives was eased but parliament sessions were put off indefinitely and emergency rule continued following last week's riots, officials and residents said.",0.0,0.16666666666666663,"Restive Maldives eases curfew after rounding up dissidents (AFP) af? - A curfew in the capital of the Maldives was eased but parliament sessions were put off temporarily and emergency rule continued following last week's riots, officials and residents said.",Failed
3.0,1.0,2.0,0.6666666666666667,Vodafone hires Citi for Cesky bid (TheDeal.com) TheDeal.com - The U.K. mobile giant wants to find a way to disentagle the Czech wireless and fixed-line businesses.,2.0,0.6666666666666667,Vodafone hires Citi for Cesky bid (TheDeal.com) TheDeal.com - The U.K. mobile giant wants to find a way to disentagle the Czech wireless and fixed-line businesses.,Skipped
2.0,1140.0,2.0,0.033333333333333326,"Dollar Briefly Hits 4-Wk Low Vs Euro  LONDON (Reuters) - The dollar dipped to a four-week low  against the euro on Monday before rising slightly on  profit-taking, but steep oil prices and weak U.S. data  continued to fan worries about the health of the world's  largest economy.",3.0,0.6666666666666667,"t high Hits 4-Wk Low Vs Euro  LONDON (Reuters) - The american bowed to a four-hit low  against the euro on Monday before rising slightly on  profit-taking, but steep oil prices and fragile U.S. data  continued to stem worries about the health of the world's  largest economy.",Successful
3.0,1.0,0.0,0.8666666666666667,"Promoting a Shared Vision As Michael Kaleko kept running into people who were getting older and having more vision problems, he realized he could do something about it.",0.0,0.8666666666666667,"Promoting a Shared Vision As Michael Kaleko kept running into people who were getting older and having more vision problems, he realized he could do something about it.",Skipped
0.0,1.0,2.0,0.8333333333333334,India's Tata expands regional footprint via NatSteel buyout (AFP) AFP - India's Tata Iron and Steel Company Ltd. took a strategic step to expand its Asian footprint with the announcement it will buy the Asia-Pacific steel operations of Singapore's NatSteel Ltd.,2.0,0.8333333333333334,India's Tata expands regional footprint via NatSteel buyout (AFP) AFP - India's Tata Iron and Steel Company Ltd. took a strategic step to expand its Asian footprint with the announcement it will buy the Asia-Pacific steel operations of Singapore's NatSteel Ltd.,Skipped
0.0,0.0,0.0,-1.0,"Delegates Urge Cleric to Pull Out of Najaf BAGHDAD, Iraq - Delegates at Iraq's National Conference called on radical Shiite cleric Muqtada al-Sadr to abandon his uprising against U.S. and Iraqi troops and pull his fighters out of a holy shrine in Najaf...",0.0,-1.0,"Delegates Urge Cleric to Pull Out of Najaf BAGHDAD, Iraq - Delegates at Iraq's National Conference called on radical Shiite cleric Muqtada al-Sadr to abandon his uprising against U.S. and Iraqi troops and pull his fighters out of a holy shrine in Najaf...",Failed
2.0,348.0,2.0,0.1333333333333333,"Treasuries Slip as Stocks Rally  NEW YORK (Reuters) - U.S. Treasury debt prices slipped on  Monday, though traders characterized the move as profit-taking  rather than any fundamental change in sentiment.",0.0,0.5333333333333333,".asurirs Slip as Stocks Rally  NEW YORK (Reuters) - U.S. Treasury pledge prices recovered on  march, though traders characterized the movement as profit-taking  rather than any fundamental change in interest.",Successful
2.0,1385.0,2.0,0.033333333333333326,Dollar Rises Vs Euro on Asset Flows Data  NEW YORK (Reuters) - The dollar extended gains against the  euro on Monday after a report on flows into U.S. assets showed  enough of a rise in foreign investments to offset the current  account gap for the month.,2.0,0.23333333333333328,Dollar Rises for interest on Asset Flows Data  NEW YORK (abc) - The dollar extended gains against the  euro on Monday after a report on flows into U.S. assets showed  enough of a rise in foreign investments to offset the current  account gap for the month.,Failed
1.0,1242.0,1.0,0.033333333333333326,"Sutton Adds Haas, Cink to Ryder Cup Team  MILWAUKEE (Sports Network) - U.S. Ryder Cup captain Hal  Sutton finalized his team on Monday when he announced the  selections of Jay Haas and Stewart Cink as his captain's picks.",1.0,0.3666666666666667,"Sutton new bradley, cit to Ryder Cup Team  MILWAUKEE (Sports Network) - U.k. Ryder Cup captain Hal  Sutton headed his team on 7 when he announced the  selections of Jay Haas and Stewart Cink as his captain's picks.",Failed
1.0,256.0,1.0,0.033333333333333326,Haas and Cink Selected for Ryder Cup Team Jay Haas joined Stewart Cink as the two captain's picks for a U.S. team that will try to regain the cup from Europe next month.,2.0,0.5666666666666667,Haas and cig traded for trump Cup Team Jay Haas joined Stewart Cink as the two captain's picks for a U.S. company that will try to regain the cup from Europe next month.,Successful
1.0,2247.0,1.0,0.0,"Natalie Coughlin Wins 100M Backstroke (AP) AP - American Natalie Coughlin won Olympic gold in the 100-meter backstroke Monday night. Coughlin, the only woman ever to swim under 1 minute in the event, finished first in 1 minute, 0.37 seconds. Kirsty Coventry of Zimbabwe, who swims at Auburn University in Alabama, earned the silver in 1:00.50. Laure Manaudou of France took bronze in 1:00.88.",1.0,0.16666666666666663,"Natalie Coughlin Wins 100M Backstroke (AP) AP - American Natalie Coughlin won Olympic gold in the 100-meter backstroke Monday night. Coughlin, the only woman ever to swim under 1 minute in the event, took first in every minute, 0.37 seconds. Kirsty Coventry of Zimbabwe, who swims at Auburn University in Alabama, earned the silver in 1:00.50. Laure Manaudou of France took bronze in 1:00.88.",Failed
3.0,1169.0,3.0,0.06666666666666665,"Oracle Overhauls Sales-Side Apps for CRM Suite (NewsFactor) NewsFactor - Oracle (Nasdaq: ORCL) has revamped its sales-side CRM applications in version 11i.10 of its sales, marketing, partner relationship management and e-commerce application.",2.0,0.5666666666666667,"be Overhauls Sales-Side Apps for crb Suite (NewsFactor) NewsFactor - adele (Nasdaq: ORCL) has revamped its sales-side crr platform in version 11i.10 of its market, marketing, alliance relationship management and e-commerce solution.",Successful
0.0,593.0,0.0,0.06666666666666665,"UN launches 210-million-dollar appeal for flood-hit Bangladesh (AFP) AFP - The United Nations launched an appeal here for 210 million dollars to help flood victims facing ""grave"" food shortages after two-thirds of Bangladesh was submerged, destroying crops and killing more than 700 people.",3.0,0.7333333333333334,"UN commissions 210-million-dollar appeal for flood-hit wetland (AFP) .pon - The United Nations launches an appeal here for 210 species dollars to help flooded family as ""grave"" food shortages after two-thirds of Bangladesh was submerged, destroying crops and killing more than 700 people.",Successful
3.0,241.0,3.0,0.1333333333333333,Indian state rolls out wireless broadband Government in South Indian state of Kerala sets up wireless kiosks as part of initiative to bridge digital divide.,0.0,0.5666666666666667,Indian state rolls out wireless belt Government in South Indian state of Kerala sets up smart kiosks as part of partnership to bridge digital divide.,Successful
0.0,79.0,0.0,0.30000000000000004,"Hurricane Survivors Wait for Water, Gas PUNTA GORDA, Fla. - Urban rescue teams, insurance adjusters and National Guard troops scattered across Florida Monday to help victims of Hurricane Charley and deliver water and other supplies to thousands of people left homeless...",2.0,0.5666666666666667,"in Survivors Wait for Water, Gas PUNTA GORDA, Fla. - Urban rescue teams, insurance adjusters and National Guard troops scattered across Florida Monday to help victims of Hurricane Charley and deliver water and other supplies to thousands of people left homeless...",Successful
0.0,211.0,0.0,0.1333333333333333,"Jackson Squares Off With Prosecutor SANTA MARIA, Calif. - Fans of Michael Jackson erupted in cheers Monday as the pop star emerged from a double-decker tour bus and went into court for a showdown with the prosecutor who has pursued him for years on child molestation charges...",1.0,0.5666666666666667,"Jackson Squares Off With Prosecutor cal MARIA, Calif. - Fans of Michael Jackson erupted in cheers Monday as the pop star emerged from a double-decker cd coach and went into court for a showdown with the prosecutor who has pursued him for years on child molestation charges...",Successful
1.0,391.0,1.0,0.09999999999999998,Bobcats Trade Drobnjak to Hawks for Pick (AP) AP - The Charlotte Bobcats traded center Predrag Drobnjak to the Atlanta Hawks on Monday for a second round pick in the 2005 NBA draft.,3.0,0.6,.her Trade drobnjan to market for Pick (AP) online - The Charlotte Bobcats traded center Predrag Drobnjak to the Atlanta dream on Monday for a second round pick in the 2007 NBA draft.,Successful
0.0,292.0,0.0,0.0,"Suspect charged in abduction, sexual assault of 11-year-old girl (Canadian Press) Canadian Press - LANGLEY, B.C. (CP) - Police have arrested a man in the kidnapping and sexual assault of an 11-year-old girl that frightened this suburban Vancouver community last week.",3.0,0.5333333333333333,"Suspect charged in abduction, video assault of 11-year-old girl (Canadian Press) Canadian Press - LANGLEY, B.C. (CP) - they have arrested a man in the captivity and online assault of an 11-year-old girl that frightened this suburban Vancouver community history week.",Successful
3.0,906.0,3.0,0.033333333333333326,"China's Red Flag Linux to focus on enterprise Red Flag Software Co., the company behind China's leading Linux client distribution, plans to focus more on its server operating system and enterprise customers, the company's acting president said.",2.0,0.5,"China's blue Flag base to focus on enterprise Red Flag infrastructure Co., the company behind China's leading secure client distribution, hoping to focus more on its demand operating system and accounts customers, the company'g acting president said.",Successful
3.0,0.0,3.0,-1.0,"AOL Properties Sign Girafa For Thumbnail Search Images AOL Properties Sign Girafa For Thumbnail Search Images\\Girafa.com Inc. announced today that the CompuServe, Netscape, AIM and ICQ properties of America Online, Inc., have signed an agreement with Girafa to use Girafa's thumbnail search images as an integrated part of their search results.\\Using Girafa's thumbnail search service, search users can ...",3.0,-1.0,"AOL Properties Sign Girafa For Thumbnail Search Images AOL Properties Sign Girafa For Thumbnail Search Images\\Girafa.com Inc. announced today that the CompuServe, Netscape, AIM and ICQ properties of America Online, Inc., have signed an agreement with Girafa to use Girafa's thumbnail search images as an integrated part of their search results.\\Using Girafa's thumbnail search service, search users can ...",Failed
3.0,255.0,3.0,0.033333333333333326,"Cassini Spies Two Little Saturn Moons (AP) AP - NASA's Cassini spacecraft has spied two new little moons around satellite-rich Saturn, the space agency said Monday.",0.0,0.6,"cassier Spies Two Little leo Moons (AP) AP - NASA's cassim probe has spied two new little moons around satellite-rich Saturn, the us agency said Monday.",Successful
0.0,242.0,0.0,0.033333333333333326,On front line of AIDS in Russia An industrial city northwest of Moscow struggles as AIDS hits a broader population.,3.0,0.7333333333333334,2009 front line of os in usa An industrial city northwest of Moscow struggles as AIDS hits a broader population.,Successful
3.0,93.0,3.0,0.33333333333333337,"Nobel Laureate Decries Stem Cell Limits (AP) AP - A Nobel laureate in medicine said Monday the Bush administration's limits on funding for embryonic stem cell research effectively have stopped the clock on American scientists' efforts to develop treatments for a host of chronic, debilitating diseases.",0.0,0.5333333333333333,"Nobel Laureate Decries Stem Cell Limits (AP) AP - A Nobel laureate in medicine said Monday the Bush administration's limits on funding for embryonic stem cell research effectively have stopped the clock on American scientists' claims to develop treatments for a host of chronic, debilitating diseases.",Successful
1.0,88.0,1.0,0.5,"Jury Can Hear of Kobe Accuser's Sex Life (AP) AP - Prosecutors suffered another setback Monday in the Kobe Bryant sexual assault case, losing a last-ditch attempt to keep the NBA star's lawyers from telling jurors about the alleged victim's sex life.",0.0,0.5666666666666667,"Jury Can Hear of Kobe Accuser's Sex Life (AP) AP - Prosecutors suffered another setback Monday in the Kobe Bryant sexual assault case, losing a last-ditch attempt to keep the NBA star'"" lawyers from telling jurors about the alleged victim's sex life.",Successful
0.0,1405.0,0.0,0.0,"North Korea Talks Still On, China Tells Downer (Reuters) Reuters - China has said no date has been set for\working-level talks on the North Korean nuclear crisis and gave\no indication that the meeting has been canceled, Australian\Foreign Minister Alexander Downer said on Tuesday.",0.0,0.5,"e dakota Talks Still days, China Tells Downer (Reuters) Reuters - China has said no date has been set for\working-level studies on the North Korean nuclear dam and gave\no sign that the meeting has been canceled, Australian\Foreign Minister Alexander downhad said on Tuesday.",Failed
1.0,71.0,1.0,0.6333333333333333,"Griffin to Anchor D-Line The Redskins expect huge things from 300-pound Cornelius Griffin, who was signed to aid the team's weakest unit - the defensive line.",2.0,0.9666666666666667,"Griffin to Anchor D-Line The washington expect huge things from 300-pound Cornelius Griffin, who was signed to aid the team's weakest unit - the defensive line.",Successful
0.0,1523.0,0.0,0.0,"Last American defector in North Korea agrees to tell story (AFP) AFP - The last surviving American defector to communist North Korea wants to tell his story to put a human face on the Stalinist state which he believes is unfairly vilified abroad, British film-makers said.",0.0,0.09999999999999998,"Last American defector in North Korea agrees to tell story (AFP) AFP - The last surviving American defector to communist North Korea wants to say his story to put a human face on the Stalinist state which he believes is unfairly vilified the, British film-makers said.",Failed
0.0,111.0,0.0,0.5,Live: Olympics day four Richard Faulds and Stephen Parry are going for gold for Great Britain on day four in Athens.,2.0,0.7333333333333334,Live: Olympics day four Richard faulding and Stephen Parry are going for gold for Great Britain on part four in Athens.,Successful
0.0,212.0,0.0,0.0,"Kerry Widens Lead in California, Poll Finds (Reuters) Reuters - Democratic challenger John Kerry\has a commanding lead over President Bush in California of 54\percent to 38 percent among likely voters, a poll released on\Tuesday found.",3.0,0.5666666666666667,"2 Widens Lead in California, Poll Finds (source) Reuters - Democratic challenger John Kerry\has a virtual lead over President Bush in California of 54\percent to hot percent among likely voters, a poll released on\Tuesday found.",Successful
1.0,57.0,1.0,0.3666666666666667,"Capacity Crowds at Beach Volleyball Rock the Joint  ATHENS (Reuters) - At the beach volleyball, the 2004  Olympics is a sell-out, foot-stomping success.",0.0,0.6333333333333333,"Capacity Crowds at Beach fivb Rock the Joint  ATHENS (Reuters) - At the beach volleyball, the 2004  Olympics is a sell-out, foot-stomping success.",Successful
2.0,395.0,2.0,0.06666666666666665,"Dollar Near Recent Lows, Awaits ZEW/CPI  LONDON (Reuters) - The dollar held steady near this week's  four-week low against the euro on Tuesday with investors  awaiting a German investor confidence survey and U.S. consumer  inflation numbers to shed light on the direction.",0.0,0.5333333333333333,"1 Near Recent Lows, Awaits ZEW/CPI  LONDON (Reuters) - The government held steady near this week's  four-week low against the national on Tuesday with participants  awaiting a German investor confidence survey and U.S. consumer  government numbers to shed light on the direction.",Successful
2.0,1.0,3.0,0.8666666666666667,"Intel to delay product aimed for high-definition TVs SAN FRANCISCO -- In the latest of a series of product delays, Intel Corp. has postponed the launch of a video display chip it had previously planned to introduce by year end, putting off a showdown with Texas Instruments Inc. in the fast-growing market for high-definition television displays.",3.0,0.8666666666666667,"Intel to delay product aimed for high-definition TVs SAN FRANCISCO -- In the latest of a series of product delays, Intel Corp. has postponed the launch of a video display chip it had previously planned to introduce by year end, putting off a showdown with Texas Instruments Inc. in the fast-growing market for high-definition television displays.",Skipped
0.0,1235.0,0.0,0.09999999999999998,Venezuela vote keeps Chavez as president CARACAS -- Venezuelans voted resoundingly to keep firebrand populist Hugo Chavez as their president in a victory that drew noisy reactions yesterday from both sides in the streets. International observers certified the results as clean and accurate.,0.0,0.4,Venezuela voting keeps Chavez as president CARACAS -- Venezuelans voted resoundingly to keep firebrand populist Hugo Chavez as their president in a victory that drew noisy reactions yesterday from both sides in the streets. industry observers certified the results as clean and accurate.,Failed
0.0,1233.0,0.0,0.0,Jailing of HK democrat in China 'politically motivated' (AFP) AFP - Hong Kong democrats accused China of jailing one of their members on trumped-up prostitution charges in a bid to disgrace a political movement Beijing has been feuding with for seven years.,0.0,0.16666666666666663,Jailing of HK democrat in China 'politically motivated' (AFP) AFP - Hong Kong democrats accused China of jailing one of their members on trumped-up coca accusation in a bid to disgrace a political movement Beijing has been feuding with for seven years.,Failed
2.0,1640.0,2.0,0.09999999999999998,Kmart Swings to Profit in 2Q; Stock Surges (AP) AP - Shares of Kmart Holding Corp. surged 17 percent Monday after the discount retailer reported a profit for the second quarter and said chairman and majority owner Edward Lampert is now free to invest the company's  #36;2.6 billion in surplus cash.,2.0,0.19999999999999996,Kmart Swings to Profit in 2Q; Stock surge- (AP) AP - Shares of Kmart Holding Corp. surged 17 percent Monday after the discount retailer reported a profit for the second quarter and said chairman and capital interests Edward Lampert is now free to invest the company's  #36;2.6 billion in surplus cash.,Failed
0.0,407.0,0.0,0.06666666666666665,"Fischer's Fiancee: Marriage Plans Genuine (AP) AP - Former chess champion Bobby Fischer's announcement thathe is engaged to a Japanese woman could win him sympathy among Japanese officials and help him avoid deportation to the United States, his fiancee and one of his supporters said Tuesday.",1.0,0.5666666666666667,"Fischer's choice: Marriage ends Genuine (AP) AP - olympic chess champion Bobby Fischer's announcement thatbut is engaged to a Japanese woman could win him sympathy among Japanese officials and help him be deportation to the United States, his fiancee and one of his supporters said Tuesday.",Successful
0.0,1.0,1.0,0.8,"U.S. Misses Cut in Olympic 100 Free ATHENS, Greece - Top American sprinters Jason Lezak and Ian Crocker missed the cut in the Olympic 100-meter freestyle preliminaries Tuesday, a stunning blow for a country that had always done well in the event.    Pieter van den Hoogenband of the Netherlands and Australian Ian Thorpe advanced to the evening semifinal a day after dueling teenager Michael Phelps in the 200 freestyle, won by Thorpe...",1.0,0.8,"U.S. Misses Cut in Olympic 100 Free ATHENS, Greece - Top American sprinters Jason Lezak and Ian Crocker missed the cut in the Olympic 100-meter freestyle preliminaries Tuesday, a stunning blow for a country that had always done well in the event.    Pieter van den Hoogenband of the Netherlands and Australian Ian Thorpe advanced to the evening semifinal a day after dueling teenager Michael Phelps in the 200 freestyle, won by Thorpe...",Skipped
3.0,126.0,3.0,0.4666666666666667,"Consumers Would Pay In Phone Proposal A proposal backed by a coalition of telephone carriers would cut billions of dollars in fees owed by long-distance companies to regional phone giants but would allow the regional companies to make up some of the difference by raising monthly phone bills for millions of consumers. &lt;FONT face=""verdana,MS Sans Serif,arial,helvetica"" size=""-2""\ color=""#666666""&gt;&lt;B&gt;-The Washington Post&lt;/B&gt;&lt;/FONT&gt;",2.0,0.7,"Consumers Would Pay In Phone Proposal A proposal backed by a coalition of telephone carriers would cut billions of dollars in fees owed by long-distance companies to regional phone giants but would give the regional companies to make up some of the difference by raising monthly phone bills for millions of consumers. &lt;FONT face=""verdana,MS Sans Serif,arial,helvetica"" size=""-2""\ color=""#666666""&gt;&lt;B&gt;-The Washington Post&lt;/B&gt;&lt;/FONT&gt;",Successful
0.0,1216.0,0.0,0.0,"U.S. Brokers Cease-fire in Western Afghanistan  KABUL (Reuters) - The United States has brokered a  cease-fire between a renegade Afghan militia leader and the  embattled governor of the western province of Herat,  Washington's envoy to Kabul said Tuesday.",0.0,0.2666666666666667,"U.S. Brokers Cease-fire in Western Afghanistan  bethel (Reuters) - The United States has brokered a  cease-fire between a renegade Afghan militia leader and the  embattled administrator of the western province of Herat,  Washington's delegate to operations said Tuesday.",Failed
2.0,64.0,2.0,0.4666666666666667,Sneaky Credit Card Tactics Keep an eye on your credit card issuers -- they may be about to raise your rates.,3.0,0.6,Sneaky Credit Card Tactics Keep an eye on your to card issuers -- they may be about to raise your rates.,Successful
3.0,1067.0,3.0,0.0,"Intel Delays Launch of Projection TV Chip In another product postponement, semiconductor giant Intel Corp. said it won't be offering a chip for projection TVs by the end of 2004 as it had announced earlier this year.",3.0,0.16666666666666663,"Intel Delays Launch of video TV Chip In another product postponement, semiconductor giant Intel Corp. said it won't be offering a chip for projection tvgames by the end of 2004 as it had announced earlier this year.",Failed
2.0,1001.0,2.0,0.06666666666666665,"Fund pessimism grows NEW YORK (CNN/Money) - Money managers are growing more pessimistic about the economy, corporate profits and US stock market returns, according to a monthly survey by Merrill Lynch released Tuesday. ",3.0,0.6,"Fund pessimism grows NEW brooklyn (CNN/Money) - Money managers are growing more pessimistic about the economy, company goals and US stock market returns, according to a user survey by hp Lynch released Tuesday. ",Successful
1.0,1.0,0.0,0.5333333333333333,Kederis proclaims innocence Olympic champion Kostas Kederis today left hospital ahead of his date with IOC inquisitors claiming his innocence and vowing:  quot;After the crucifixion comes the resurrection. quot; ...,0.0,0.5333333333333333,Kederis proclaims innocence Olympic champion Kostas Kederis today left hospital ahead of his date with IOC inquisitors claiming his innocence and vowing:  quot;After the crucifixion comes the resurrection. quot; ...,Skipped
1.0,436.0,1.0,0.16666666666666663,"Eriksson doesn #39;t feel any extra pressure following scandal NEWCASTLE, England (AP) - England coach Sven-Goran Eriksson said Tuesday he isn #39;t under any extra pressure in the aftermath of a scandal that damaged the Football Association #39;s reputation. ",0.0,0.5666666666666667,"Eriksson doesn #39;t feel any extra pressure following scandal NEWCASTLE, England (AP) - England coach Sven-Goran erikgareth said Tuesday he isn #39;t under any extra pressure in the aftermath of a scandal that damaged the sacked Association #39;s reputation. ",Successful
1.0,942.0,1.0,0.16666666666666663,"Injured Heskey to miss England friendly NEWCASTLE, England (AP) - Striker Emile Heskey has pulled out of the England squad ahead of Wednesday #39;s friendly against Ukraine because of a tight hamstring, the Football Association said Tuesday. ",0.0,0.6,"Injured Heskey to miss England friendly NEWCASTLE, England (AP) - Striker Emile Heskey has missing out of the opposition squad of of Wednesday #39;s friendly against Ukraine because of a tight hamstring, the Football Association indicated Tuesday. ",Successful
2.0,2623.0,2.0,0.0,"Staples Profit Up, to Enter China Market  NEW YORK (Reuters) - Staples Inc. &lt;A HREF=""http://www.investor.reuters.com/FullQuote.aspx?ticker=SPLS.O target=/stocks/quickinfo/fullquote""&gt;SPLS.O&lt;/A&gt;, the top U.S.  office products retailer, on Tuesday reported a 39 percent jump  in quarterly profit, raised its full-year forecast and said it  plans to enter the fast-growing Chinese market, sending its  shares higher.",2.0,0.2666666666666667,"Staples Profit Up, to Enter China mainstream  NEW YORK (Reuters) - Staples Inc. &lt;A hren=""http://www.investor.reuters.com/FullQuote.aspx?ticker=SPLS.O target=/stocks/quickinfo/fullquote""&gt;SPLS.O&lt;/A&ct;, the top U.S.  office products retailer, on Tuesday reported a 39 percent jump  in quarterly profit, raised its full-hour forecast and said it  plans to enter the fast-growing Chinese market, as its  shares higher.",Failed
0.0,1427.0,0.0,0.0,"Delegation Is Delayed Before Reaching Najaf AGHDAD, Iraq, Aug. 17  A delegation of Iraqis was delayed for security reasons today but still intended to visit Najaf to try to convince a rebellious Shiite cleric and his militia to evacuate a shrine in the holy city and end ...",0.0,0.033333333333333326,"Delegation Is Delayed Before Reaching Najaf AGHDAD, Iraq, Aug. 17  A delegation of Iraqis was delayed for security reasons today but still intended to observe Najaf to try to convince a rebellious Shiite cleric and his militia to evacuate a shrine in the holy city and end ...",Failed
2.0,1071.0,2.0,0.0,"Consumer Prices Down, Industry Output Up  WASHINGTON (Reuters) - U.S. consumer prices dropped in July  for the first time in eight months as a sharp run up in energy  costs reversed, the government said in a report that suggested  a slow rate of interest rate hikes is likely.",3.0,0.5333333333333333,"Consumer Prices Down, enterprise Output strong  WASHINGTON (Reuters) - U.S. consumer prices dropped in July  for the first time in eight months as a sharp dip up in energy  costs reversed, the government asserted in a lab that suggested  a slow return of interest rate hikements is likely.",Successful
