"ground_truth_output","num_queries","original_output","original_score","original_text","perturbed_output","perturbed_score","perturbed_text","result_type"
2.0,178.0,2.0,0.09999999999999998,"Fears for T N pension after talks Unions representing workers at Turner   Newall say they are 'disappointed' after talks with stricken parent firm Federal Mogul.",0.0,0.7,"Scare for T N pension after dialogue Syndicate depicted workers at Turner   Newall say they are 'disappointed' after talks with stricken parent firm State Mogul.","Successful"
3.0,652.0,3.0,0.0,"The Race is On: Second Private Team Sets Launch Date for Human Spaceflight (SPACE.com) SPACE.com - TORONTO, Canada -- A second\team of rocketeers competing for the  #36;10 million Ansari X Prize, a contest for\privately funded suborbital space flight, has officially announced the first\launch date for its manned rocket.",3.0,0.19999999999999996,"The Race is On: Second Private Team Sets Lancer Date for Human Spaceflight (SPACE.com) SPACE.com - TORONTO, Canada -- A second\team of rocketeers competing for the  #36;10 million Ansari X Prize, a contest for\privately assistance suborbital space flight, has officially announced the first\launch timetable for its manned rocket.","Failed"
3.0,526.0,3.0,0.19999999999999996,"Ky. Company Wins Grant to Study Peptides (AP) AP - A company founded by a chemistry researcher at the University of Louisville won a grant to develop a method of producing better peptides, which are short chains of amino acids, the building blocks of proteins.",2.0,0.5666666666666667,"Ky. Company Triumphed Grant to Study Peptides (AP) AP - A business founded by a chemistry researcher at the University of Louisville won a grant to develop a method of producing better peptides, which are short irons of amino acids, the building obstruct of nucleic.","Successful"
3.0,102.0,3.0,0.5333333333333333,"Prediction Unit Helps Forecast Wildfires (AP) AP - It's barely dawn when Mike Fitzpatrick starts his shift with a blur of colorful maps, figures and endless charts, but already he knows what the day will bring. Lightning will strike in places he expects. Winds will pick up, moist places will dry and flames will roar.",2.0,0.6333333333333333,"Predicting Unit Helps Forecast Wildfires (AP) AP - It's barely dawn when Mike Fitzpatrick starts his shift with a blur of colorful maps, figures and endless charts, but already he knows what the day will bring. Lightning will strike in places he expects. Winds will pick up, moist places will dry and flames will roar.","Successful"
3.0,57.0,3.0,0.5,"Calif. Aims to Limit Farm-Related Smog (AP) AP - Southern California's smog-fighting agency went after emissions of the bovine variety Friday, adopting the nation's first rules to reduce air pollution from dairy cow manure.",2.0,0.5666666666666667,"Calif. Aims to Limit Farm-Related Smog (AP) AP - Southern California's smog-fighting agency went after emitting of the bovine variety Friday, adopting the nation's first rules to reduce air pollution from dairy cow manure.","Successful"
3.0,1837.0,3.0,0.16666666666666663,"Open Letter Against British Copyright Indoctrination in Schools The British Department for Education and Skills (DfES) recently launched a ""Music Manifesto"" campaign, with the ostensible intention of educating the next generation of British musicians. Unfortunately, they also teamed up with the music industry (EMI, and various artists) to make this popular. EMI has apparently negotiated their end well, so that children in our schools will now be indoctrinated about the illegality of downloading music.The ignorance and audacity of this got to me a little, so I wrote an open letter to the DfES about it. Unfortunately, it's pedantic, as I suppose you have to be when writing to goverment representatives. But I hope you find it useful, and perhaps feel inspired to do something similar, if or when the same thing has happened in your area.",3.0,0.3666666666666667,"Open Letter Against British Copyright Indoctrination in Schools The British Department for Education and Skills (DfES) recently launched a ""Music Manifesto"" campaign, with the ostensible intention of educating the next generation of British musicians. Unfortunately, they also teamed up with the music industry (EMI, and diverse playwrights) to make this popular. EMI has apparently negotiators their end well, so that children in our schools will now be indoctrinated about the illegality of downloading music.The ignorance and audacity of this got to me a little, so I wrote an open letter to the DfES about it. Unfortunately, it's pedantic, as I suppose you have to be when writing to goverment representatives. But I hope you find it useful, and perhaps feel inspired to do something similar, if or when the same thing has happened in your area.","Failed"
3.0,1183.0,3.0,0.033333333333333326,"Loosing the War on Terrorism \\""Sven Jaschan, self-confessed author of the Netsky and Sasser viruses, is\responsible for 70 percent of virus infections in 2004, according to a six-month\virus roundup published Wednesday by antivirus company Sophos.""\\""The 18-year-old Jaschan was taken into custody in Germany in May by police who\said he had admitted programming both the Netsky and Sasser worms, something\experts at Microsoft confirmed. (A Microsoft antivirus reward program led to the\teenager's arrest.) During the five months preceding Jaschan's capture, there\were at least 25 variants of Netsky and one of the port-scanning network worm\Sasser.""\\""Graham Cluley, senior technology consultant at Sophos, said it was staggeri ...\\",3.0,0.06666666666666665,"Loosing the War on Terrorism \\""Sven Jaschan, self-confessed author of the Netsky and Sasser viruses, is\responsible for 70 percent of virus infections in 2004, according to a six-month\virus roundup published Wednesday by antivirus company Sophos.""\\""The 18-year-old Jaschan was taken into custody in Germany in May by police who\said he had admitted programming both the Netsky and Sasser worms, something\experts at Microsoft confirmed. (A Microsoft antivirus reward program led to the\teenager's arrest.) During the five months bygone Jaschan's capture, there\were at least 25 variants of Netsky and one of the port-scanning network worm\Sasser.""\\""Graham Cluley, senior technology consultant at Sophos, said it was staggeri ...\\","Failed"
3.0,1503.0,3.0,0.0,"FOAFKey: FOAF, PGP, Key Distribution, and Bloom Filters \\FOAF/LOAF  and bloom filters have a lot of interesting properties for social\network and whitelist distribution.\\I think we can go one level higher though and include GPG/OpenPGP key\fingerpring distribution in the FOAF file for simple web-of-trust based key\distribution.\\What if we used FOAF and included the PGP key fingerprint(s) for identities?\This could mean a lot.  You include the PGP key fingerprints within the FOAF\file of your direct friends and then include a bloom filter of the PGP key\fingerprints of your entire whitelist (the source FOAF file would of course need\to be encrypted ).\\Your whitelist would be populated from the social network as your client\discovered new identit ...\\",3.0,0.033333333333333326,"FOAFKey: FOAF, PGP, Key Distribution, and Bloom Filters \\FOAF/LOAF  and bloom filters have a lot of interesting properties for social\network and whitelist distribution.\\I think we can go one level higher though and include GPG/OpenPGP key\fingerpring distribution in the FOAF file for simple web-of-trust based key\distribution.\\What if we used FOAF and included the PGP key fingerprint(s) for identities?\This could mean a lot.  You include the PGP key fingerprints within the FOAF\file of your immediatly friends and then include a bloom filter of the PGP key\fingerprints of your entire whitelist (the source FOAF file would of course need\to be encrypted ).\\Your whitelist would be populated from the social network as your client\discovered new identit ...\\","Failed"
3.0,59.0,3.0,0.33333333333333337,"E-mail scam targets police chief Wiltshire Police warns about ""phishing"" after its fraud squad chief was targeted.",0.0,0.5333333333333333,"E-mail scam targets police chief Wiltshire Police warns about ""phishing"" after its frauds squad chief was targeted.","Successful"
3.0,1.0,2.0,0.7666666666666666,"Card fraud unit nets 36,000 cards In its first two years, the UK's dedicated card fraud unit, has recovered 36,000 stolen cards and 171 arrests - and estimates it saved 65m.",2.0,0.7666666666666666,"Card fraud unit nets 36,000 cards In its first two years, the UK's dedicated card fraud unit, has recovered 36,000 stolen cards and 171 arrests - and estimates it saved 65m.","Skipped"
3.0,723.0,3.0,0.09999999999999998,"Group to Propose New High-Speed Wireless Format  LOS ANGELES (Reuters) - A group of technology companies  including Texas Instruments Inc. &lt;TXN.N&gt;, STMicroelectronics  &lt;STM.PA&gt; and Broadcom Corp. &lt;BRCM.O&gt;, on Thursday said they  will propose a new wireless networking standard up to 10 times  the speed of the current generation.",3.0,0.4,"Group to Propose New High-Speed Wireless Format  LOS ANGELES (Reuters) - A conglomerates of technology companies  including Texas Paraphernalia Inc. &lt;TXN.N&gt;, STMicroelectronics  &lt;STM.PA&gt; and Broadcom Corp. &lt;BRCM.O&gt;, on Thursday said they  will propose a new wireless pails standard up to 10 times  the velocities of the current generation.","Failed"
3.0,865.0,3.0,0.0,"Apple Launches Graphics Software, Video Bundle  LOS ANGELES (Reuters) - Apple Computer Inc.&lt;AAPL.O&gt; on  Tuesday began shipping a new program designed to let users  create real-time motion graphics and unveiled a discount  video-editing software bundle featuring its flagship Final Cut  Pro software.",3.0,0.06666666666666665,"Apple Launches Graphics Software, Video Bundle  LOS ANGELES (Reuters) - Apple Computer Inc.&lt;AAPL.O&gt; on  Tuesday began shipping a new program designed to let users  create real-time recommendation graphics and unveiled a discount  video-editing software bundle featuring its flagship Final Cut  Pro software.","Failed"
3.0,151.0,3.0,0.09999999999999998,"Dutch Retailer Beats Apple to Local Download Market  AMSTERDAM (Reuters) - Free Record Shop, a Dutch music  retail chain, beat Apple Computer Inc. to market on Tuesday  with the launch of a new download service in Europe's latest  battleground for digital song services.",2.0,0.6,"Dutch Retailer Beats Shoemaker to Local Download Market  AMSTERDAM (Reuters) - Free Record Shop, a Dutch orchestra  shopkeepers chain, beat Apple Computer Inc. to market on Tuesday  with the launch of a new landing service in Europe's latest  battleground for digital song services.","Successful"
3.0,182.0,3.0,0.1333333333333333,"Super ant colony hits Australia A giant 100km colony of ants  which has been discovered in Melbourne, Australia, could threaten local insect species.",0.0,0.6,"Super ant settlement injuring Australia A giant 100km colonised of horses  which has been discovered in Melbourne, Australia, could threaten local insect categories.","Successful"
3.0,191.0,3.0,0.19999999999999996,"Socialites unite dolphin groups Dolphin groups, or ""pods"", rely on socialites to keep them from collapsing, scientists claim.",0.0,0.6333333333333333,"Nobles unite dauphin groups Dolphin pools, or ""pods"", rely on socialites to protect them from collapsing, intellectuals claim.","Successful"
3.0,60.0,3.0,0.2666666666666667,"Teenage T. rex's monster growth Tyrannosaurus rex achieved its massive size due to an enormous growth spurt during its adolescent years.",2.0,0.5666666666666667,"Teenage T. rex's monster growth Tyrannosaurus rex achieved its massive sizing due to an enormous growth spurt during its adolescent years.","Successful"
3.0,794.0,3.0,0.09999999999999998,"Scientists Discover Ganymede has a Lumpy Interior Jet Propulsion Lab -- Scientists have discovered irregular lumps beneath the icy surface of Jupiter's largest moon, Ganymede. These irregular masses may be rock formations, supported by Ganymede's icy shell for billions of years...",3.0,0.5,"Scientists Discover Ganymede has a Lumpy Landlocked Jet Propulsion Lab -- Fellows have discovered irregular lumps beneath the icy surface of Jupiter's harshest moon, Ganymede. These unfit masses may arrive rock formations, supported by Ganymede's icy mortars for billions of years...","Failed"
3.0,834.0,3.0,0.0,"Mars Rovers Relay Images Through Mars Express European Space Agency -- ESAs Mars Express has relayed pictures from one of NASA's Mars rovers for the first time, as part of a set of interplanetary networking demonstrations.     The demonstrations pave the way for future Mars missions to draw on joint interplanetary networking capabilities...",3.0,0.16666666666666663,"Marr Rovers Relay Images Through Mars Frankly European Space Agency -- ESAs Mars Plainly has relayed pictures from one of NASA's Mars rovers for the first time, as part of a set of interplanetary networking demonstrations.     The demonstrations pave the way for future Mars missions to draw on joint interplanetary networking capabilities...","Failed"
3.0,660.0,3.0,0.06666666666666665,"Rocking the Cradle of Life When did life begin? One evidential clue stems from the fossil records in Western Australia, although whether these layered sediments are biological or chemical has spawned a spirited debate. Oxford researcher, Nicola McLoughlin, describes some of the issues in contention.",3.0,0.43333333333333335,"Rocking the Cradle of Resides When did life begin? One evidential clue stems from the fossil documents in Western Australia, although whether these layered silt are biological or chemical has hobnob a spirited debate. Oxford researcher, Nicola McLoughlin, describes some of the issues in contention.","Failed"
3.0,60.0,3.0,0.33333333333333337,"Storage, servers bruise HP earnings update Earnings per share rise compared with a year ago, but company misses analysts' expectations by a long shot.",2.0,0.6666666666666667,"Storeroom, servers bruise HP earnings update Earnings per share rise compared with a year ago, but company misses analysts' expectations by a long shot.","Successful"
3.0,1.0,2.0,0.6333333333333333,"IBM to hire even more new workers By the end of the year, the computing giant plans to have its biggest headcount since 1991.",2.0,0.6333333333333333,"IBM to hire even more new workers By the end of the year, the computing giant plans to have its biggest headcount since 1991.","Skipped"
3.0,187.0,3.0,0.033333333333333326,"Sun's Looking Glass Provides 3D View Developers get early code for new operating system 'skin' still being crafted.",2.0,0.7,"Sun's Looking Glass Submits 3D Believing Sponsors get early keyed for new operating regimen 'skin' still being crafted.","Successful"
3.0,370.0,3.0,0.06666666666666665,"IBM Chips May Someday Heal Themselves New technology applies electrical fuses to help identify and repair faults.",3.0,0.5,"IBM Fritos May Someday Heal Themselves New technology applies electrical fuses to enable determined and repair frailties.","Failed"
3.0,1.0,2.0,0.8666666666666667,"Some People Not Eligible to Get in on Google IPO Google has billed its IPO as a way for everyday people to get in on the process, denying Wall Street the usual stranglehold it's had on IPOs. Public bidding, a minimum of just five shares, an open process with 28 underwriters - all this pointed to a new level of public participation. But this isn't the case.",2.0,0.8666666666666667,"Some People Not Eligible to Get in on Google IPO Google has billed its IPO as a way for everyday people to get in on the process, denying Wall Street the usual stranglehold it's had on IPOs. Public bidding, a minimum of just five shares, an open process with 28 underwriters - all this pointed to a new level of public participation. But this isn't the case.","Skipped"
3.0,1.0,2.0,0.9666666666666667,"Rivals Try to Turn Tables on Charles Schwab By MICHAEL LIEDTKE     SAN FRANCISCO (AP) -- With its low prices and iconoclastic attitude, discount stock broker Charles Schwab Corp. (SCH) represented an annoying stone in Wall Street's wing-tipped shoes for decades...",2.0,0.9666666666666667,"Rivals Try to Turn Tables on Charles Schwab By MICHAEL LIEDTKE     SAN FRANCISCO (AP) -- With its low prices and iconoclastic attitude, discount stock broker Charles Schwab Corp. (SCH) represented an annoying stone in Wall Street's wing-tipped shoes for decades...","Skipped"
3.0,475.0,3.0,0.06666666666666665,"News: Sluggish movement on power grid cyber security Industry cyber security standards fail to reach some of the most vulnerable components of the power grid.\",3.0,0.4666666666666667,"Newspapers: Sluggish movement on power grid cyber security Industry cyber security uniforms fail to achieved some of the most vulnerable constituent of the horsepower grid.\","Failed"
1.0,198.0,1.0,0.19999999999999996,"Giddy Phelps Touches Gold for First Time Michael Phelps won the gold medal in the 400 individual medley and set a world record in a time of 4 minutes 8.26 seconds.",0.0,0.6666666666666667,"Numbness Phelps Touches Gold for First Time Michael Phelps won the oro medal in the 400 especial potpourri and set a world record in a spells of 4 minutes 8.26 seconds.","Successful"
1.0,480.0,1.0,0.0,"Tougher rules won't soften Law's game FOXBOROUGH -- Looking at his ridiculously developed upper body, with huge biceps and hardly an ounce of fat, it's easy to see why Ty Law, arguably the best cornerback in football, chooses physical play over finesse. That's not to imply that he's lacking a finesse component, because he can shut down his side of the field much as Deion Sanders ...",2.0,0.5666666666666667,"Tougher rules won't soften Law's toys FOXBOROUGH -- Looking at his ridiculously developed upper organizations, with huge biceps and hardly an ounce of fat, it's easy to see why Ty Law, blatantly the best deangelo in balloons, chooses physical gambling over finesse. That's not to imply that he's lacking a finesse component, because he can shut down his side of the area much as Deion Sanders ...","Successful"
1.0,895.0,1.0,0.06666666666666665,"Shoppach doesn't appear ready to hit the next level With the weeks dwindling until Jason Varitek enters free agency, the Red Sox continue to carefully monitor Kelly Shoppach , their catcher of the future, in his climb toward the majors. The Sox like most of what they have seen at Triple A Pawtucket from Shoppach, though it remains highly uncertain whether he can make the adjustments at the plate ...",1.0,0.4,"Shoppach doesn't exhibits ready to hit the next level With the weeks dwindling until Jason Varitek enters free agency, the Red Sox continue to carefully monitor Kaili Shoppach , their recipient of the future, in his climb toward the majors. The Sox like most of what they have seen at Triple A Pawtucket from Shoppach, though it remains highly uncertain whether he can makes the adjustments at the plate ...","Failed"
1.0,1007.0,1.0,0.0,"Mighty Ortiz makes sure Sox can rest easy Just imagine what David Ortiz could do on a good night's rest. Ortiz spent the night before last with his baby boy, D'Angelo, who is barely 1 month old. He had planned on attending the Red Sox' Family Day at Fenway Park yesterday morning, but he had to sleep in. After all, Ortiz had a son at home, and he ...",1.0,0.19999999999999996,"Mighty Nestor makes sure Baseman can rest easy Just imagine what David Ortiz could do on a good night's rest. Ortiz spent the night before last with his baby kiddo, D'Angelo, who is sparsely 1 month old. He had planned on attending the Red Sox' Family Day at Fenway Park yesterday morning, but he had to sleep in. After all, Ortiz had a son at home, and he ...","Failed"
1.0,450.0,1.0,0.0,"They've caught his eye In  quot;helping themselves, quot; Ricky Bryant, Chas Gessner, Michael Jennings, and David Patten did nothing Friday night to make Bill Belichick's decision on what to do with his receivers any easier.",1.0,0.3666666666666667,"They've captives his eye In  quot;helping themselves, quot; Ricky Bryant, Chas Gessner, Michael Jamison, and David Patten does nothing Friday night to make Bill Belichick's decision on what to making with his receivers any easier.","Failed"
1.0,586.0,1.0,0.0,"Indians Mount Charge The Cleveland Indians pulled within one game of the AL Central lead by beating the Minnesota Twins, 7-1, Saturday night with home runs by Travis Hafner and Victor Martinez.",2.0,0.6333333333333333,"Aborigines Installed Fees The Cleveland Indians retraction within one game of the PER Central lead by beating the Minnesota Twins, 7-1, Weekends dark with shelters implementing by Travis Hafner and Victor Diaz.","Successful"
0.0,435.0,0.0,0.0,"Sister of man who died in Vancouver police custody slams chief (Canadian Press) Canadian Press - VANCOUVER (CP) - The sister of a man who died after a violent confrontation with police has demanded the city's chief constable resign for defending the officer involved.",2.0,0.6666666666666667,"Sister of man who decedent in Spokane police custody slams chief (Canadian Press) Canadian Reporters - VANCOUVER (CP) - The sister of a man who killing after a violent confrontation with police has demanded the city's chief constable resign for defending the managers involved.","Successful"
0.0,293.0,0.0,0.5666666666666667,"Man Sought  #36;50M From McGreevey, Aides Say (AP) AP - The man who claims Gov. James E. McGreevey sexually harassed him was pushing for a cash settlement of up to  #36;50 million before the governor decided to announce that he was gay and had an extramarital affair, sources told The Associated Press.",1.0,0.7,"Mankind Attempting  #36;50M From McGreevey, Assistance Say (AP) AP - The man who claims Gov. James E. McGreevey sexually harassed him was pushing for a cash settlement of up to  #36;50 million before the governor decided to announce that he was gay and had an extramarital affair, sources told The Associated Press.","Successful"
0.0,835.0,0.0,0.033333333333333326,"Explosions Echo Throughout Najaf NAJAF, Iraq - Explosions and gunfire rattled through the city of Najaf as U.S. troops in armored vehicles and tanks rolled back into the streets here Sunday, a day after the collapse of talks - and with them a temporary cease-fire - intended to end the fighting in this holy city...",0.0,0.4,"Detonates Echo Throughout Najaf NAJAF, Iraq - Explosions and riflemen rattled through the city of Najaf as U.S. armies in armored vehicles and aquarium rolled back into the streets here Sunday, a day after the meltdown of talks - and with them a temporary cease-fire - intended to end the fighting in this holy metropolitan...","Failed"
0.0,1041.0,0.0,0.0,"Frail Pope Celebrates Mass at Lourdes LOURDES, France - A frail Pope John Paul II, breathing heavily and gasping at times, celebrated an open-air Mass on Sunday for several hundred thousand pilgrims, many in wheelchairs, at a shrine to the Virgin Mary that is associated with miraculous cures.    At one point he said ""help me"" in Polish while struggling through his homily in French...",0.0,0.16666666666666663,"Frail Pope Celebrates Mass at Lourdes LOURDES, France - A frail Pope John Paul II, breathing heavily and gasping at times, celebrated an open-air Mass on Sunday for several hundred thousand pilgrims, many in wheelchairs, at a shrine to the Virgin Mary that is associated with miraculous cures.    At one point he said ""contributed me"" in Polish while struggling through his homily in French...","Failed"
0.0,1.0,2.0,0.7666666666666666,"Venezuela Prepares for Chavez Recall Vote Supporters and rivals warn of possible fraud; government says Chavez's defeat could produce turmoil in world oil market.",2.0,0.7666666666666666,"Venezuela Prepares for Chavez Recall Vote Supporters and rivals warn of possible fraud; government says Chavez's defeat could produce turmoil in world oil market.","Skipped"
0.0,80.0,0.0,0.5,"1994 Law Designed to Preserve Guard Jobs (AP) AP - A 1994 law strengthened job protections for National Guard and Reserve troops called to active duty. Here are major provisions of the Uniformed Services Employment and Reemployment Rights Act (USERRA).",2.0,0.6333333333333333,"1994 Law Designed to Preserve Guard Jobs (AP) AP - A 1994 law strengthened job protections for National Guard and Reserve troops called to active duty. Here are major statutes of the Uniformed Services Employment and Reemployment Rights Act (USERRA).","Successful"
0.0,792.0,0.0,0.0,"Iran Warns Its Missiles Can Hit Anywhere in Israel  TEHRAN (Reuters) - A senior Iranian military official said  Sunday Israel and the United States would not dare attack Iran  since it could strike back anywhere in Israel with its latest  missiles, news agencies reported.",0.0,0.1333333333333333,"Iran Warns Its Missiles Can Hit Anywhere in Israel  TEHRAN (Reuters) - A senior Iranian military official said  Sunday Israel and the United Said would not dare attack Iran  since it could strike back anywhere in Israel with its latest  missiles, news agencies apprised.","Failed"
0.0,908.0,0.0,0.0,"Afghan Army Dispatched to Calm Violence KABUL, Afghanistan - Government troops intervened in Afghanistan's latest outbreak of deadly fighting between warlords, flying from the capital to the far west on U.S. and NATO airplanes to retake an air base contested in the violence, officials said Sunday...",0.0,0.4,"Afghan Kraft Dispatched to Ease Violence KABUL, Afghanistan - Government troops intervened in Afghanistan's latest outbreak of deadly fighting between warlords, flying from the investments to the far west on U.S. and NATO airplanes to retake an air base contested in the ruthlessness, employee said Thursdays...","Failed"
1.0,609.0,1.0,0.0,"Johnson Helps D-Backs End Nine-Game Slide (AP) AP - Randy Johnson took a four-hitter into the ninth inning to help the Arizona Diamondbacks end a nine-game losing streak Sunday, beating Steve Trachsel and the New York Mets 2-0.",1.0,0.09999999999999998,"Wallace Helps D-Backs End Nine-Game Landslides (AP) AP - Randy Johnson took a four-hitter into the xv inning to help the Arizona Diamondbacks end a nine-game losing streak Sunday, beating Steve Trachsel and the New York Mets 2-0.","Failed"
2.0,180.0,2.0,0.19999999999999996,"Retailers Vie for Back-To-School Buyers (Reuters) Reuters - Apparel retailers are hoping their\back-to-school fashions will make the grade among\style-conscious teens and young adults this fall, but it could\be a tough sell, with students and parents keeping a tighter\hold on their wallets.",0.0,0.5666666666666667,"Traffickers Vie for Back-To-School Guests (Reuters) Reuters - Apparel retailers are hoping their\back-to-school fashions will make the grade among\style-conscious teens and young adults this plunges, but it could\be a tough sell, with students and parents keeping a tighter\hold on their wallets.","Successful"
0.0,62.0,0.0,0.5,"Politics an Afterthought Amid Hurricane (AP) AP - If Hurricane Charley had struck three years ago, President Bush's tour through the wreckage of this coastal city would have been just the sort of post-disaster visit that other presidents have made to the scenes of storms, earthquakes, floods and fires.",2.0,0.7666666666666666,"Policies an Afterthought Amid Hurricane (AP) AP - If Hurricane Charley had struck three years ago, President Bush's tour through the wreckage of this coastal city would have been just the sort of post-disaster visit that other presidents have made to the scenes of storms, earthquakes, floods and fires.","Successful"
3.0,672.0,3.0,0.06666666666666665,"Spam suspension hits Sohu.com shares (FT.com) FT.com - Shares in Sohu.com, a leading US-listed Chinese internet portal, fell more than 10 per cent on Friday after China's biggest mobile phone network operator imposed a one-year suspension on its multimedia messaging services because of customers being sent spam.",3.0,0.23333333333333328,"Spam suspension hits Sohu.com stock (FT.com) FT.com - Shares in Sohu.com, a leading US-listed Chinese internet portal, fell more than 10 per cent on Friday after China's hardest mobile phone network operator imposed a one-year suspension on its multimedia messaging services because of customers being mailing spam.","Failed"
1.0,640.0,1.0,0.0,"Erstad's Double Lifts Angels to Win (AP) AP - Darin Erstad doubled in the go-ahead run in the eighth inning, lifting the Anaheim Angels to a 3-2 victory over the Detroit Tigers on Sunday. The win pulled Anaheim within a percentage point of Boston and Texas in the AL wild-card race.",1.0,0.09999999999999998,"Erstad's Double Hanger Angels to Win (ACRES) AP - Darin Erstad doubled in the go-ahead run in the eighth inning, lifting the Anaheim Angels to a 3-2 victory over the Detroit Tigers on Sunday. The win pulled Anaheim within a percentage comments of Boston and Texas in the AL wild-card race.","Failed"
1.0,537.0,1.0,0.0,"Drew Out of Braves' Lineup After Injury (AP) AP - Outfielder J.D. Drew missed the Atlanta Braves' game against the St. Louis Cardinals on Sunday night with a sore right quadriceps.",1.0,0.06666666666666665,"Drew Outdoors of Braves' Lineup After Injury (AP) AP - Outfielder J.D. Drew missed the Atlanta Braves' game against the St. Louis Cardinals on Sunday night with a sore right quadriceps.","Failed"
0.0,622.0,0.0,0.2666666666666667,"Venezuelans Flood Polls, Voting Extended  CARACAS, Venezuela (Reuters) - Venezuelans voted in huge  numbers on Sunday in a historic referendum on whether to recall  left-wing President Hugo Chavez and electoral authorities  prolonged voting well into the night.",0.0,0.4666666666666667,"Venezuelans Flood Polls, Voting Extended  CARACAS, Venezuela (Reuters) - Venezuelans endorsement in huge  numbers on Sunday in a historic referendum on whether to recall  left-wing President Hugo Chavez and electoral authorities  prolonged voting well into the nightfall.","Failed"
3.0,55.0,3.0,0.4666666666666667,"Dell Exits Low-End China Consumer PC Market  HONG KONG (Reuters) - Dell Inc. &lt;DELL.O&gt;, the world's  largest PC maker, said on Monday it has left the low-end  consumer PC market in China and cut its overall growth target  for the country this year due to stiff competition in the  segment.",2.0,0.5,"Del Exits Low-End China Consumer PC Market  HONG KONG (Reuters) - Dell Inc. &lt;DELL.O&gt;, the world's  largest PC maker, said on Monday it has left the low-end  consumer PC market in China and cut its overall growth target  for the country this year due to stiff competition in the  segment.","Successful"
0.0,749.0,0.0,0.0,"China Says Taiwan Spy Also Operated in U.S. - Media  BEIJING (Reuters) - Beijing on Monday accused a  Chinese-American arrested for spying for Taiwan of building an  espionage network in the United States, and said he could go on  trial very soon.",0.0,0.4,"China Says Taiwan Bugging Also Operated in U.S. - Media  BEIJING (Reuters) - Beijing on Monday accused a  Chinese-American arrested for spying for Taiwan of building an  espionage network in the United Estados, and said he could go on  trial very rapidly.","Failed"
1.0,431.0,1.0,0.0,"Another Major Non-Factor Another major, another disappointment for Tiger Woods, the No. 1 ranked player in the world who has not won a major championship since his triumph at the 2002 U.S. Open.",1.0,0.4666666666666667,"Another Major Non-Factor Another critical, another defeatism for Tiger Woods, the Nil. 1 ratings gamer in the world who hectare not won a major championship since his triumph at the 2002 U.S. Beginning.","Failed"
0.0,228.0,0.0,0.2666666666666667,"US fighter squadron to be deployed in South Korea next month (AFP) AFP - A squadron of US Air Force F-15E fighters based in Alaska will fly to South Korea next month for temporary deployment aimed at enhancing US firepower on the Korean peninsula, US authorities said.",1.0,0.6,"US fighter squadron to be deployed in South Korea next month (AFP) AFP - A squadron of US Air Forces F-15E boxer based in Alaska will fly to South Koryo next month for temporary deployment aimed at enhancing US heat on the Korean peninsula, US authorities said.","Successful"
1.0,700.0,1.0,0.0,"Johnson Back to His Best as D-Backs End Streak  NEW YORK (Reuters) - Randy Johnson struck out 14 batters in  8 1/3 innings to help the Arizona Diamondbacks end a nine-game  losing streak with a 2-0 win over the host New York Mets in the  National League Sunday.",1.0,0.09999999999999998,"Johnson Back to His Best as D-Backs End Streak  NEW YORK (Reuters) - Randy Johnson attack out 14 batters in  8 1/3 innings to help the Arizona Diamondbacks end a nine-game  missing streak with a 2-0 win over the host New York Mets in the  National League Sunday.","Failed"
0.0,571.0,0.0,0.033333333333333326,"Restive Maldives eases curfew after rounding up dissidents (AFP) AFP - A curfew in the capital of the Maldives was eased but parliament sessions were put off indefinitely and emergency rule continued following last week's riots, officials and residents said.",2.0,0.6333333333333333,"Restive Maldives eases curfew after rounding up renegades (AFP) AFP - A curfew in the investments of the Aruba was lessen but congressional sessions were put off indefinitely and emergency rule continue following last week's riots, officer and residing said.","Successful"
3.0,1.0,2.0,0.6,"Vodafone hires Citi for Cesky bid (TheDeal.com) TheDeal.com - The U.K. mobile giant wants to find a way to disentagle the Czech wireless and fixed-line businesses.",2.0,0.6,"Vodafone hires Citi for Cesky bid (TheDeal.com) TheDeal.com - The U.K. mobile giant wants to find a way to disentagle the Czech wireless and fixed-line businesses.","Skipped"
2.0,762.0,2.0,0.0,"Dollar Briefly Hits 4-Wk Low Vs Euro  LONDON (Reuters) - The dollar dipped to a four-week low  against the euro on Monday before rising slightly on  profit-taking, but steep oil prices and weak U.S. data  continued to fan worries about the health of the world's  largest economy.",2.0,0.1333333333333333,"Dollar Briefly Hits 4-Wk Low Vs Euro  LONDON (Reuters) - The dollar shrank to a four-week low  against the euro on Monday before soaring humbly on  profit-taking, but steep oil prices and weak U.S. data  continued to fan worries about the health of the world's  largest economy.","Failed"
3.0,40.0,3.0,0.6666666666666667,"Promoting a Shared Vision As Michael Kaleko kept running into people who were getting older and having more vision problems, he realized he could do something about it.",2.0,0.7666666666666666,"Promoting a Shared Vision As Michael Kaleko kept running into people who were getting older and taking more vision problems, he realized he could do something about it.","Successful"
0.0,1.0,2.0,0.7666666666666666,"India's Tata expands regional footprint via NatSteel buyout (AFP) AFP - India's Tata Iron and Steel Company Ltd. took a strategic step to expand its Asian footprint with the announcement it will buy the Asia-Pacific steel operations of Singapore's NatSteel Ltd.",2.0,0.7666666666666666,"India's Tata expands regional footprint via NatSteel buyout (AFP) AFP - India's Tata Iron and Steel Company Ltd. took a strategic step to expand its Asian footprint with the announcement it will buy the Asia-Pacific steel operations of Singapore's NatSteel Ltd.","Skipped"
0.0,641.0,0.0,0.0,"Delegates Urge Cleric to Pull Out of Najaf BAGHDAD, Iraq - Delegates at Iraq's National Conference called on radical Shiite cleric Muqtada al-Sadr to abandon his uprising against U.S. and Iraqi troops and pull his fighters out of a holy shrine in Najaf...",0.0,0.06666666666666665,"Mps Urge Cleric to Pull Away of Najaf BAGHDAD, Iraq - Delegates at Iraq's National Conference called on radical Shiite cleric Muqtada al-Sadr to abandon his uprising against U.S. and Iraqi troops and pull his fighters out of a holy shrine in Najaf...","Failed"
2.0,554.0,2.0,0.0,"Treasuries Slip as Stocks Rally  NEW YORK (Reuters) - U.S. Treasury debt prices slipped on  Monday, though traders characterized the move as profit-taking  rather than any fundamental change in sentiment.",1.0,0.6666666666666667,"Bonds Brochures as Stocks Rebounds  NEW YORK (Reuters) - wu.S. Cheri dean prices abated on  Monday, though providers characterized the move as profit-taking  rather than any fundamental transformed in sentiment.","Successful"
2.0,623.0,2.0,0.0,"Dollar Rises Vs Euro on Asset Flows Data  NEW YORK (Reuters) - The dollar extended gains against the  euro on Monday after a report on flows into U.S. assets showed  enough of a rise in foreign investments to offset the current  account gap for the month.",2.0,0.2666666666666667,"Dollar Rises Vs Euro on Asset Streaming Statistic  NOUVELLE YORK (Reuters) - The dollar extended gains against the  euro on Fri after a report on flows into oder.S. assets showed  enough of a rise in foreign investments to offset the current  account shortfall for the month.","Failed"
1.0,480.0,1.0,0.0,"Sutton Adds Haas, Cink to Ryder Cup Team  MILWAUKEE (Sports Network) - U.S. Ryder Cup captain Hal  Sutton finalized his team on Monday when he announced the  selections of Jay Haas and Stewart Cink as his captain's picks.",2.0,0.6,"Crawley Complemented Haas, Cink to Ryder Coffeemaker Appliances  SPOKANE (Sports Network) - oder.S. Ryder Cup captain Hal  Sutton shutting his pcs on Monday when he advertising the  picked of Jay Haas and Stewart Cink as his captain's picks.","Successful"
1.0,166.0,1.0,0.0,"Haas and Cink Selected for Ryder Cup Team Jay Haas joined Stewart Cink as the two captain's picks for a U.S. team that will try to regain the cup from Europe next month.",2.0,0.6666666666666667,"Haa and Cink Selected for Ryder Coffeemaker Equipments Jay Aha joined Stewart Cink as the two captain's election for a U.S. team that will try to regain the mug from Europe next month.","Successful"
1.0,774.0,1.0,0.0,"Natalie Coughlin Wins 100M Backstroke (AP) AP - American Natalie Coughlin won Olympic gold in the 100-meter backstroke Monday night. Coughlin, the only woman ever to swim under 1 minute in the event, finished first in 1 minute, 0.37 seconds. Kirsty Coventry of Zimbabwe, who swims at Auburn University in Alabama, earned the silver in 1:00.50. Laure Manaudou of France took bronze in 1:00.88.",1.0,0.033333333333333326,"Natalie Coughlin Wins 100M Backstroke (AP) AP - American Natalie Coughlin won Olympic gold in the 100-meter backstroke Monday night. Coughlin, the only woman ever to swim under 1 minute in the event, finished first in 1 minute, 0.37 seconds. Jodie Coventry of Zimbabwe, who swims at Auburn University in Alabama, earned the silver in 1:00.50. Laure Manaudou of France took bronze in 1:00.88.","Failed"
3.0,369.0,3.0,0.0,"Oracle Overhauls Sales-Side Apps for CRM Suite (NewsFactor) NewsFactor - Oracle (Nasdaq: ORCL) has revamped its sales-side CRM applications in version 11i.10 of its sales, marketing, partner relationship management and e-commerce application.",3.0,0.30000000000000004,"Oracle Overhauls Sales-Side Apply for CRM Suite (NewsFactor) NewsFactor - Oracle (Nasdaq: ORCL) has revamped its sales-side CRM applications in version 11i.10 of its sales, marketing, partner relationship managed and e-commerce inquired.","Failed"
0.0,728.0,0.0,0.09999999999999998,"UN launches 210-million-dollar appeal for flood-hit Bangladesh (AFP) AFP - The United Nations launched an appeal here for 210 million dollars to help flood victims facing ""grave"" food shortages after two-thirds of Bangladesh was submerged, destroying crops and killing more than 700 people.",0.0,0.5666666666666667,"UN launches 210-million-dollar appeal for flood-hit Bangladesh (AFP) AFP - The Uniformed Estado launched an appeal here for 210 million dollars to help tsunami victims facing ""grave"" nutrient foibles after two-thirds of Bangladesh was submerged, destroying crops and killing more than 700 people.","Failed"
3.0,77.0,3.0,0.16666666666666663,"Indian state rolls out wireless broadband Government in South Indian state of Kerala sets up wireless kiosks as part of initiative to bridge digital divide.",2.0,0.5666666666666667,"Indian state breads out wireless broadband Administrations in South Indian state of Kerala sets up cordless kiosks as part of initiative to bridge digital divide.","Successful"
0.0,1.0,2.0,0.6666666666666667,"Hurricane Survivors Wait for Water, Gas PUNTA GORDA, Fla. - Urban rescue teams, insurance adjusters and National Guard troops scattered across Florida Monday to help victims of Hurricane Charley and deliver water and other supplies to thousands of people left homeless...",2.0,0.6666666666666667,"Hurricane Survivors Wait for Water, Gas PUNTA GORDA, Fla. - Urban rescue teams, insurance adjusters and National Guard troops scattered across Florida Monday to help victims of Hurricane Charley and deliver water and other supplies to thousands of people left homeless...","Skipped"
0.0,52.0,0.0,0.4666666666666667,"Jackson Squares Off With Prosecutor SANTA MARIA, Calif. - Fans of Michael Jackson erupted in cheers Monday as the pop star emerged from a double-decker tour bus and went into court for a showdown with the prosecutor who has pursued him for years on child molestation charges...",1.0,0.6666666666666667,"Jackson Squares Off With Prosecutor SANTA MARIA, Calif. - Fans of Michael Jackson erupted in cheers Monday as the pop star emerged from a double-decker tour omnibus and went into court for a showdown with the prosecutor who has pursued him for years on child molestation charges...","Successful"
1.0,423.0,1.0,0.0,"Bobcats Trade Drobnjak to Hawks for Pick (AP) AP - The Charlotte Bobcats traded center Predrag Drobnjak to the Atlanta Hawks on Monday for a second round pick in the 2005 NBA draft.",1.0,0.5666666666666667,"Bobcats Trade Drobnjak to Eagle for Click (HECTARE) AP - The Charlotte Bobcats barter heart Predrag Drobnjak to the Marseilles Vultures on Monday for a second cycles click in the 2005 NBA draft.","Failed"
0.0,725.0,0.0,0.30000000000000004,"Suspect charged in abduction, sexual assault of 11-year-old girl (Canadian Press) Canadian Press - LANGLEY, B.C. (CP) - Police have arrested a man in the kidnapping and sexual assault of an 11-year-old girl that frightened this suburban Vancouver community last week.",1.0,0.7333333333333334,"Suspect charged in abductions, sexual assault of 11-year-old girl (Canadian Pisa) Canadian Pers - BELLINGHAM, B.C. (CP) - Police received arrested a mate in the kidnapping and sexual assault of an 11-year-old girl that creepy this suburban Vancouver community last weeks.","Successful"
3.0,635.0,3.0,0.09999999999999998,"China's Red Flag Linux to focus on enterprise Red Flag Software Co., the company behind China's leading Linux client distribution, plans to focus more on its server operating system and enterprise customers, the company's acting president said.",2.0,0.5666666666666667,"China's Red Flag Foss to focus on enterprise Red Marques Sw Capitan., the company behind China's leading Linux client diffusion, programs to focus more on its server acted plan and firm recipient, the company's acting president said.","Successful"
3.0,1152.0,3.0,0.0,"AOL Properties Sign Girafa For Thumbnail Search Images AOL Properties Sign Girafa For Thumbnail Search Images\\Girafa.com Inc. announced today that the CompuServe, Netscape, AIM and ICQ properties of America Online, Inc., have signed an agreement with Girafa to use Girafa's thumbnail search images as an integrated part of their search results.\\Using Girafa's thumbnail search service, search users can ...",3.0,0.2666666666666667,"AOL Properties Sign Girafa For Thumbnail Search Photographs AOL Properties Sign Girafa For Thumbnail Inspect Images\\Girafa.com Inc. announced today that the CompuServe, Netscape, AIM and ICQ properties of America Online, Inc., have signed an agreement with Girafa to use Girafa's thumbnail search images as an onboard part of their search results.\\Employment Girafa's thumbnail excavation service, search users can ...","Failed"
3.0,402.0,3.0,0.16666666666666663,"Cassini Spies Two Little Saturn Moons (AP) AP - NASA's Cassini spacecraft has spied two new little moons around satellite-rich Saturn, the space agency said Monday.",3.0,0.5333333333333333,"Cassini Spies Two Klein Saturn Moons (ACRES) APS - NASA's Cassini baseship has spied two new little moons around satellite-rich Saturn, the space agency said Monday.","Failed"
0.0,112.0,0.0,0.30000000000000004,"On front line of AIDS in Russia An industrial city northwest of Moscow struggles as AIDS hits a broader population.",2.0,0.6333333333333333,"On front line of ASSISTS in Russia An industrial city northwest of Moscow struggles as ASSIST hits a broader resident.","Successful"
3.0,902.0,3.0,0.2666666666666667,"Nobel Laureate Decries Stem Cell Limits (AP) AP - A Nobel laureate in medicine said Monday the Bush administration's limits on funding for embryonic stem cell research effectively have stopped the clock on American scientists' efforts to develop treatments for a host of chronic, debilitating diseases.",3.0,0.6,"Nobel Laureate Decries Stem Lithium Bordering (AP) AP - A Nobel laureate in medicine said Monday the Bush administration's limits on hacienda for embryonic stem heaps research effectively have stopped the clock on American scientists' efforts to develop treatments for a host of chronic, debilitating malady.","Failed"
1.0,170.0,1.0,0.19999999999999996,"Jury Can Hear of Kobe Accuser's Sex Life (AP) AP - Prosecutors suffered another setback Monday in the Kobe Bryant sexual assault case, losing a last-ditch attempt to keep the NBA star's lawyers from telling jurors about the alleged victim's sex life.",0.0,0.6333333333333333,"Jury Can Hear of Goblet Accuser's Sex Life (AP) AP - Prosecuting suffered another flop Monday in the Kobe Mcgee sexual assault case, losing a last-ditch attempt to keep the NBA star's lawyers from telling jurors about the alleged victim's sex life.","Successful"
0.0,161.0,0.0,0.033333333333333326,"North Korea Talks Still On, China Tells Downer (Reuters) Reuters - China has said no date has been set for\working-level talks on the North Korean nuclear crisis and gave\no indication that the meeting has been canceled, Australian\Foreign Minister Alexander Downer said on Tuesday.",2.0,0.6333333333333333,"North Corrie Bargaining Still In, China Tells Downer (Reuters) Reuters - China has said no date has been establishes for\working-level talks on the North Korean nuclear crisis and gave\no indication that the meeting has been canceled, Australian\Foreign Dept Alexander Downer said on Tuesday.","Successful"
1.0,334.0,1.0,0.19999999999999996,"Griffin to Anchor D-Line The Redskins expect huge things from 300-pound Cornelius Griffin, who was signed to aid the team's weakest unit - the defensive line.",1.0,0.5333333333333333,"Griffin to Anchor D-Line The Redskins expect huge things from 300-pound Cornelius Griffin, who was sign to contributing the team's minimal unit - the protective line.","Failed"
0.0,739.0,0.0,0.033333333333333326,"Last American defector in North Korea agrees to tell story (AFP) AFP - The last surviving American defector to communist North Korea wants to tell his story to put a human face on the Stalinist state which he believes is unfairly vilified abroad, British film-makers said.",0.0,0.33333333333333337,"Last American defector in North Korea agreed to tell story (AFP) AFP - The last surviving American fugitive to reds North Korea wants to tell his story to tabled a human face on the Stalinist state which he believes is unfairly vilified internationally, British film-makers said.","Failed"
0.0,1.0,1.0,0.8,"Live: Olympics day four Richard Faulds and Stephen Parry are going for gold for Great Britain on day four in Athens.",1.0,0.8,"Live: Olympics day four Richard Faulds and Stephen Parry are going for gold for Great Britain on day four in Athens.","Skipped"
0.0,220.0,0.0,0.30000000000000004,"Kerry Widens Lead in California, Poll Finds (Reuters) Reuters - Democratic challenger John Kerry\has a commanding lead over President Bush in California of 54\percent to 38 percent among likely voters, a poll released on\Tuesday found.",2.0,0.5666666666666667,"Kerry Widens Lead in California, Poll Finds (Reuters) Reuters - Democratic challenger Johns Kerry\has a commanding lead over Chairmanship Bush in California of 54\percentages to 38 percent among likely referendum, a poll released on\Tuesday found.","Successful"
1.0,60.0,1.0,0.4,"Capacity Crowds at Beach Volleyball Rock the Joint  ATHENS (Reuters) - At the beach volleyball, the 2004  Olympics is a sell-out, foot-stomping success.",0.0,0.5333333333333333,"Capacity Crowds at Beach Volleyball Rock the Common  GREECE (Reuters) - At the beach volleyball, the 2004  Olympics is a sell-out, foot-stomping success.","Successful"
2.0,611.0,2.0,0.033333333333333326,"Dollar Near Recent Lows, Awaits ZEW/CPI  LONDON (Reuters) - The dollar held steady near this week's  four-week low against the euro on Tuesday with investors  awaiting a German investor confidence survey and U.S. consumer  inflation numbers to shed light on the direction.",2.0,0.19999999999999996,"Dollar Near Contemporary Lows, Awaits ZEW/CPI  LONDON (Reuters) - The dollar held steady near this week's  four-week low against the euro on Mondays with investors  awaiting a German investor confidence survey and U.S. consumer  inflation numbers to shed glow on the direction.","Failed"
2.0,1.0,3.0,0.9333333333333333,"Intel to delay product aimed for high-definition TVs SAN FRANCISCO -- In the latest of a series of product delays, Intel Corp. has postponed the launch of a video display chip it had previously planned to introduce by year end, putting off a showdown with Texas Instruments Inc. in the fast-growing market for high-definition television displays.",3.0,0.9333333333333333,"Intel to delay product aimed for high-definition TVs SAN FRANCISCO -- In the latest of a series of product delays, Intel Corp. has postponed the launch of a video display chip it had previously planned to introduce by year end, putting off a showdown with Texas Instruments Inc. in the fast-growing market for high-definition television displays.","Skipped"
0.0,1.0,2.0,0.5666666666666667,"Venezuela vote keeps Chavez as president CARACAS -- Venezuelans voted resoundingly to keep firebrand populist Hugo Chavez as their president in a victory that drew noisy reactions yesterday from both sides in the streets. International observers certified the results as clean and accurate.",2.0,0.5666666666666667,"Venezuela vote keeps Chavez as president CARACAS -- Venezuelans voted resoundingly to keep firebrand populist Hugo Chavez as their president in a victory that drew noisy reactions yesterday from both sides in the streets. International observers certified the results as clean and accurate.","Skipped"
0.0,437.0,0.0,0.0,"Jailing of HK democrat in China 'politically motivated' (AFP) AFP - Hong Kong democrats accused China of jailing one of their members on trumped-up prostitution charges in a bid to disgrace a political movement Beijing has been feuding with for seven years.",0.0,0.33333333333333337,"Jailing of HK democrat in Chine 'politically motivated' (AFP) AFP - Hong Kong gingrich ascribed China of jailing one of their colleagues on trumped-up prostitution pricing in a bidder to disgrace a political flow Hangzhou has been feuding with for seven years.","Failed"
2.0,778.0,2.0,0.033333333333333326,"Kmart Swings to Profit in 2Q; Stock Surges (AP) AP - Shares of Kmart Holding Corp. surged 17 percent Monday after the discount retailer reported a profit for the second quarter and said chairman and majority owner Edward Lampert is now free to invest the company's  #36;2.6 billion in surplus cash.",2.0,0.16666666666666663,"Kmart Swings to Profit in 2Q; Stock Surges (AP) AP - Shares of Kmart Organiser Corp. surged 17 percent Monday after the discount vendor commented a profit for the second quarter and said chairman and majority owner Edward Lampert is now free to invest the company's  #36;2.6 billion in surplus liquefied.","Failed"
0.0,875.0,0.0,0.16666666666666663,"Fischer's Fiancee: Marriage Plans Genuine (AP) AP - Former chess champion Bobby Fischer's announcement thathe is engaged to a Japanese woman could win him sympathy among Japanese officials and help him avoid deportation to the United States, his fiancee and one of his supporters said Tuesday.",0.0,0.5,"Fischer's Fiancee: Marriage Plans Genuine (AP) AP - Oldest chess champion Bobby Fischer's announcement thathe is engaged to a Japanese woman could win him sympathy among Japanese collaborators and help him avoid ejects to the United States, his fiancee and one of his supporters said Tuesday.","Failed"
0.0,1.0,1.0,0.9333333333333333,"U.S. Misses Cut in Olympic 100 Free ATHENS, Greece - Top American sprinters Jason Lezak and Ian Crocker missed the cut in the Olympic 100-meter freestyle preliminaries Tuesday, a stunning blow for a country that had always done well in the event.    Pieter van den Hoogenband of the Netherlands and Australian Ian Thorpe advanced to the evening semifinal a day after dueling teenager Michael Phelps in the 200 freestyle, won by Thorpe...",1.0,0.9333333333333333,"U.S. Misses Cut in Olympic 100 Free ATHENS, Greece - Top American sprinters Jason Lezak and Ian Crocker missed the cut in the Olympic 100-meter freestyle preliminaries Tuesday, a stunning blow for a country that had always done well in the event.    Pieter van den Hoogenband of the Netherlands and Australian Ian Thorpe advanced to the evening semifinal a day after dueling teenager Michael Phelps in the 200 freestyle, won by Thorpe...","Skipped"
3.0,532.0,3.0,0.30000000000000004,"Consumers Would Pay In Phone Proposal A proposal backed by a coalition of telephone carriers would cut billions of dollars in fees owed by long-distance companies to regional phone giants but would allow the regional companies to make up some of the difference by raising monthly phone bills for millions of consumers. &lt;FONT face=""verdana,MS Sans Serif,arial,helvetica"" size=""-2""\ color=""#666666""&gt;&lt;B&gt;-The Washington Post&lt;/B&gt;&lt;/FONT&gt;",2.0,0.5333333333333333,"Consumers Would Pay In Phone Proposal A proposal backed by a coalition of telephone carriers would cut billions of dollars in fees owed by long-distance companies to regional phone giants but would allow the regional societal to make up some of the difference by raising monthly phone bills for gazillion of consumers. &lt;FONT grapple=""verdana,MS Sans Serif,arial,helvetica"" size=""-2""\ pigmentation=""#666666""&gt;&lt;B&gt;-The Washington Post&lt;/B&gt;&lt;/FONT&gt;","Successful"
0.0,490.0,0.0,0.1333333333333333,"U.S. Brokers Cease-fire in Western Afghanistan  KABUL (Reuters) - The United States has brokered a  cease-fire between a renegade Afghan militia leader and the  embattled governor of the western province of Herat,  Washington's envoy to Kabul said Tuesday.",0.0,0.3666666666666667,"U.S. Brokers Cease-fire in Western Afghanistan  BAGDAD (Reuters) - The United States possesses brokered a  cease-fire between a renegade Afghan militia commanding and the  embattled governor of the western province of Herat,  Washington's forwarded to Kabul said Tuesday.","Failed"
2.0,81.0,2.0,0.30000000000000004,"Sneaky Credit Card Tactics Keep an eye on your credit card issuers -- they may be about to raise your rates.",3.0,0.6,"Sneaky Credit Card Tactics Keep an eye on your appropriation card issuers -- they may be about to widens your rates.","Successful"
3.0,131.0,3.0,0.16666666666666663,"Intel Delays Launch of Projection TV Chip In another product postponement, semiconductor giant Intel Corp. said it won't be offering a chip for projection TVs by the end of 2004 as it had announced earlier this year.",2.0,0.5666666666666667,"Intel Postpone Launch of Forecast TV Fleas In another product postponement, semiconductor giant Intel Corp. said it won't be offering a microchips for projection TVs by the end of 2004 as it had announced earlier this year.","Successful"
2.0,691.0,2.0,0.0,"Fund pessimism grows NEW YORK (CNN/Money) - Money managers are growing more pessimistic about the economy, corporate profits and US stock market returns, according to a monthly survey by Merrill Lynch released Tuesday. ",2.0,0.30000000000000004,"Fund pessimism expand NEW YORK (CNN/Dollar) - Money execs are growing more pessimistic about the thrift, corporate profits and US stock market returns, according to a weekly survey by Merrill Lynch released Hoy. ","Failed"
1.0,55.0,1.0,0.4666666666666667,"Kederis proclaims innocence Olympic champion Kostas Kederis today left hospital ahead of his date with IOC inquisitors claiming his innocence and vowing:  quot;After the crucifixion comes the resurrection. quot; ...",0.0,0.6333333333333333,"Kederis proclaims innocence Olympic champions Kostas Kederis today left hospital ahead of his date with IOC inquisitors claiming his innocence and vowing:  quot;After the crucifixion comes the resurrection. quot; ...","Successful"
1.0,588.0,1.0,0.0,"Eriksson doesn #39;t feel any extra pressure following scandal NEWCASTLE, England (AP) - England coach Sven-Goran Eriksson said Tuesday he isn #39;t under any extra pressure in the aftermath of a scandal that damaged the Football Association #39;s reputation. ",1.0,0.3666666666666667,"Eriksson doesn #39;t feel any alia lobbyist following scandal NEWCASTLE, England (AP) - England coach Sven-Goran Eriksson said Tuesday he isn #39;t under any extra pressure in the resulting of a scandal that harmed the Football Association #39;s reputation. ","Failed"
1.0,570.0,1.0,0.0,"Injured Heskey to miss England friendly NEWCASTLE, England (AP) - Striker Emile Heskey has pulled out of the England squad ahead of Wednesday #39;s friendly against Ukraine because of a tight hamstring, the Football Association said Tuesday. ",1.0,0.33333333333333337,"Ulcers Heskey to baroness Eng friendly NEWCASTLE, England (AP) - Striker Emile Heskey has withdrawal out of the England squad ahead of Wednesday #39;s friendly against Ukraine because of a severe hamstring, the Football Organizations said Tuesday. ","Failed"
2.0,944.0,2.0,0.0,"Staples Profit Up, to Enter China Market  NEW YORK (Reuters) - Staples Inc. &lt;A HREF=""http://www.investor.reuters.com/FullQuote.aspx?ticker=SPLS.O target=/stocks/quickinfo/fullquote""&gt;SPLS.O&lt;/A&gt;, the top U.S.  office products retailer, on Tuesday reported a 39 percent jump  in quarterly profit, raised its full-year forecast and said it  plans to enter the fast-growing Chinese market, sending its  shares higher.",2.0,0.06666666666666665,"Staples Profit Up, to Enter China Market  NEW YORK (Reuters) - Staples Inc. &lt;A HREF=""http://www.investor.reuters.com/FullQuote.aspx?ticker=SPLS.O target=/stocks/quickinfo/fullquote""&gt;SPLS.O&lt;/A&gt;, the top U.S.  office products retailer, on Tuesday reported a 39 percent jump  in quarterly profit, raised its full-year forecast and said it  plans to enter the fast-growing Chinese market, sending its  proportions higher.","Failed"
0.0,841.0,0.0,0.0,"Delegation Is Delayed Before Reaching Najaf AGHDAD, Iraq, Aug. 17  A delegation of Iraqis was delayed for security reasons today but still intended to visit Najaf to try to convince a rebellious Shiite cleric and his militia to evacuate a shrine in the holy city and end ...",0.0,0.23333333333333328,"Delegation Is Delayed Before Reaching Najaf AGHDAD, Iraq, Aug. 17  A delegation of Iraqis was delayed for security reasons today but still intended to visit Najaf to try to persuaded a rebellious Shea priest and his militia to emptied a sanctuary in the holy city and end ...","Failed"
2.0,797.0,2.0,0.0,"Consumer Prices Down, Industry Output Up  WASHINGTON (Reuters) - U.S. consumer prices dropped in July  for the first time in eight months as a sharp run up in energy  costs reversed, the government said in a report that suggested  a slow rate of interest rate hikes is likely.",3.0,0.5666666666666667,"Clientele Prices Down, Industria Output Up  WASHINGTON (Reuters) - U.S. clients prices dropped in July  for the first scheduling in eight months as a sharp implementing up in vigor  spend overthrew, the government argued in a report that suggested  a slow rate of interest rate gains is likely.","Successful"
